Command line: /usr/libexec/spades/spades.py	-1	/gpfs01/home/jc428818/Placement/uce-tutorial/filtered-data/mus_R1.fq.gz	-2	/gpfs01/home/jc428818/Placement/uce-tutorial/filtered-data/mus_R2.fq.gz	-o	/gpfs01/home/jc428818/Placement/uce-tutorial/assemblies/mus	

System information:
  SPAdes version: 3.15.5
  Python version: 3.14.4
  OS: Linux-5.14.0-570.62.1.el9_6.x86_64-x86_64-with-glibc2.43

Output dir: /gpfs01/home/jc428818/Placement/uce-tutorial/assemblies/mus
Mode: read error correction and assembling
Debug mode is turned OFF

Dataset parameters:
  Standard mode
  For multi-cell/isolate data we recommend to use '--isolate' option; for single-cell MDA data use '--sc'; for metagenomic data use '--meta'; for RNA-Seq use '--rna'.
  Reads:
    Library number: 1, library type: paired-end
      orientation: fr
      left reads: ['/gpfs01/home/jc428818/Placement/uce-tutorial/filtered-data/mus_R1.fq.gz']
      right reads: ['/gpfs01/home/jc428818/Placement/uce-tutorial/filtered-data/mus_R2.fq.gz']
      interlaced reads: not specified
      single reads: not specified
      merged reads: not specified
Read error correction parameters:
  Iterations: 1
  PHRED offset will be auto-detected
  Corrected reads will be compressed
Assembly parameters:
  k: automatic selection based on read length
  Repeat resolution is enabled
  Mismatch careful mode is turned OFF
  MismatchCorrector will be SKIPPED
  Coverage cutoff is turned OFF
Other parameters:
  Dir for temp files: /gpfs01/home/jc428818/Placement/uce-tutorial/assemblies/mus/tmp
  Threads: 16
  Memory limit (in Gb): 250


======= SPAdes pipeline started. Log can be found here: /gpfs01/home/jc428818/Placement/uce-tutorial/assemblies/mus/spades.log

/gpfs01/home/jc428818/Placement/uce-tutorial/filtered-data/mus_R1.fq.gz: max reads length: 100
/gpfs01/home/jc428818/Placement/uce-tutorial/filtered-data/mus_R2.fq.gz: max reads length: 100

Reads length: 100


===== Before start started. 


===== Read error correction started. 


===== Read error correction started. 


== Running: /usr/libexec/spades/spades-hammer /gpfs01/home/jc428818/Placement/uce-tutorial/assemblies/mus/corrected/configs/config.info

  0:00:00.000     1M / 29M   INFO    General                 (main.cpp                  :  75)   Starting BayesHammer, built from N/A, git revision N/A
  0:00:00.000     1M / 29M   INFO    General                 (main.cpp                  :  76)   Loading config from /gpfs01/home/jc428818/Placement/uce-tutorial/assemblies/mus/corrected/configs/config.info
  0:00:00.002     1M / 29M   INFO    General                 (main.cpp                  :  78)   Maximum # of threads to use (adjusted due to OMP capabilities): 4
  0:00:00.002     1M / 29M   INFO    General                 (memory_limit.cpp          :  54)   Memory limit set to 250 Gb
  0:00:00.002     1M / 29M   INFO    General                 (main.cpp                  :  86)   Trying to determine PHRED offset
  0:00:00.002     1M / 29M   INFO    General                 (main.cpp                  :  92)   Determined value is 33
  0:00:00.002     1M / 29M   INFO    General                 (hammer_tools.cpp          :  38)   Hamming graph threshold tau=1, k=21, subkmer positions = [ 0 10 ]
  0:00:00.002     1M / 29M   INFO    General                 (main.cpp                  : 113)   Size of aux. kmer data 24 bytes
     === ITERATION 0 begins ===
  0:00:00.003     1M / 29M   INFO    General                 (kmer_index_builder.hpp    : 243)   Splitting kmer instances into 16 files using 4 threads. This might take a while.
  0:00:00.003     1M / 29M   INFO    General                 (file_limit.hpp            :  42)   Open file limit set to 16384
  0:00:00.003     1M / 29M   INFO    General                 (kmer_splitter.hpp         :  93)   Memory available for splitting buffers: 20.8333 Gb
  0:00:00.003     1M / 29M   INFO    General                 (kmer_splitter.hpp         : 101)   Using cell size of 4194304
  0:00:00.028  2305M / 2305M INFO   K-mer Splitting          (kmer_data.cpp             :  97)   Processing /gpfs01/home/jc428818/Placement/uce-tutorial/filtered-data/mus_R1.fq.gz
  0:00:00.391  2305M / 2305M INFO   K-mer Splitting          (kmer_data.cpp             : 107)   Processed 40579 reads
  0:00:00.391  2305M / 2305M INFO   K-mer Splitting          (kmer_data.cpp             :  97)   Processing /gpfs01/home/jc428818/Placement/uce-tutorial/filtered-data/mus_R2.fq.gz
  0:00:00.801  2305M / 2305M INFO   K-mer Splitting          (kmer_data.cpp             : 107)   Processed 81158 reads
  0:00:00.802  2305M / 2305M INFO   K-mer Splitting          (kmer_data.cpp             : 112)   Total 81158 reads processed
  0:00:00.802     1M / 162M  INFO    General                 (kmer_index_builder.hpp    : 249)   Starting k-mer counting.
  0:00:00.892     1M / 162M  INFO    General                 (kmer_index_builder.hpp    : 260)   K-mer counting done. There are 9229106 kmers in total.
  0:00:00.892     1M / 162M  INFO   K-mer Index Building     (kmer_index_builder.hpp    : 395)   Building perfect hash indices
  0:00:01.103     8M / 162M  INFO   K-mer Index Building     (kmer_index_builder.hpp    : 431)   Index built. Total 9229106 kmers, 6677680 bytes occupied (5.78837 bits per kmer).
  0:00:01.103     8M / 162M  INFO   K-mer Counting           (kmer_data.cpp             : 354)   Arranging kmers in hash map order
  0:00:01.288   152M / 197M  INFO    General                 (main.cpp                  : 148)   Clustering Hamming graph.
  0:00:09.642   152M / 197M  INFO    General                 (main.cpp                  : 155)   Extracting clusters:
  0:00:09.642   152M / 197M  INFO    General                 (concurrent_dsu.cpp        :  18)   Connecting to root
  0:00:09.654   152M / 197M  INFO    General                 (concurrent_dsu.cpp        :  34)   Calculating counts
  0:00:10.548   424M / 471M  INFO    General                 (concurrent_dsu.cpp        :  63)   Writing down entries
  0:00:11.691   152M / 606M  INFO    General                 (main.cpp                  : 167)   Clustering done. Total clusters: 8416255
  0:00:11.691    80M / 606M  INFO   K-mer Counting           (kmer_data.cpp             : 371)   Collecting K-mer information, this takes a while.
  0:00:11.750   292M / 606M  INFO   K-mer Counting           (kmer_data.cpp             : 377)   Processing /gpfs01/home/jc428818/Placement/uce-tutorial/filtered-data/mus_R1.fq.gz
  0:00:12.525   292M / 606M  INFO   K-mer Counting           (kmer_data.cpp             : 377)   Processing /gpfs01/home/jc428818/Placement/uce-tutorial/filtered-data/mus_R2.fq.gz
  0:00:13.266   292M / 606M  INFO   K-mer Counting           (kmer_data.cpp             : 384)   Collection done, postprocessing.
  0:00:13.292   292M / 606M  INFO   K-mer Counting           (kmer_data.cpp             : 397)   There are 9229106 kmers in total. Among them 7937264 (86.0025%) are singletons.
  0:00:13.292   292M / 606M  INFO    General                 (main.cpp                  : 173)   Subclustering Hamming graph
  0:00:14.304   292M / 606M  INFO   Hamming Subclustering    (kmer_cluster.cpp          : 650)   Subclustering done. Total 48 non-read kmers were generated.
  0:00:14.304   292M / 606M  INFO   Hamming Subclustering    (kmer_cluster.cpp          : 651)   Subclustering statistics:
  0:00:14.304   292M / 606M  INFO   Hamming Subclustering    (kmer_cluster.cpp          : 652)     Total singleton hamming clusters: 8127426. Among them 2603230 (32.0302%) are good
  0:00:14.304   292M / 606M  INFO   Hamming Subclustering    (kmer_cluster.cpp          : 653)     Total singleton subclusters: 823. Among them 793 (96.3548%) are good
  0:00:14.304   292M / 606M  INFO   Hamming Subclustering    (kmer_cluster.cpp          : 654)     Total non-singleton subcluster centers: 304405. Among them 88079 (28.9348%) are good
  0:00:14.304   292M / 606M  INFO   Hamming Subclustering    (kmer_cluster.cpp          : 655)     Average size of non-trivial subcluster: 3.61944 kmers
  0:00:14.304   292M / 606M  INFO   Hamming Subclustering    (kmer_cluster.cpp          : 656)     Average number of sub-clusters per non-singleton cluster: 1.05678
  0:00:14.304   292M / 606M  INFO   Hamming Subclustering    (kmer_cluster.cpp          : 657)     Total solid k-mers: 2692102
  0:00:14.304   292M / 606M  INFO   Hamming Subclustering    (kmer_cluster.cpp          : 658)     Substitution probabilities: [4,4]((0.939025,0.021319,0.0226348,0.0170212),(0.024182,0.919172,0.0121348,0.044511),(0.0389473,0.010056,0.916624,0.0343729),(0.0136831,0.0189585,0.0141743,0.953184))
  0:00:14.316   292M / 606M  INFO    General                 (main.cpp                  : 178)   Finished clustering.
  0:00:14.316   292M / 606M  INFO    General                 (main.cpp                  : 197)   Starting solid k-mers expansion in 4 threads.
  0:00:14.743   292M / 606M  INFO    General                 (main.cpp                  : 218)   Solid k-mers iteration 0 produced 58756 new k-mers.
  0:00:15.160   292M / 606M  INFO    General                 (main.cpp                  : 218)   Solid k-mers iteration 1 produced 1802 new k-mers.
  0:00:15.569   292M / 606M  INFO    General                 (main.cpp                  : 218)   Solid k-mers iteration 2 produced 86 new k-mers.
  0:00:15.987   292M / 606M  INFO    General                 (main.cpp                  : 218)   Solid k-mers iteration 3 produced 0 new k-mers.
  0:00:15.987   292M / 606M  INFO    General                 (main.cpp                  : 222)   Solid k-mers finalized
  0:00:15.987   292M / 606M  INFO    General                 (hammer_tools.cpp          : 222)   Starting read correction in 4 threads.
  0:00:15.987   292M / 606M  INFO    General                 (hammer_tools.cpp          : 235)   Correcting pair of reads: /gpfs01/home/jc428818/Placement/uce-tutorial/filtered-data/mus_R1.fq.gz and /gpfs01/home/jc428818/Placement/uce-tutorial/filtered-data/mus_R2.fq.gz
  0:00:16.160   403M / 606M  INFO    General                 (hammer_tools.cpp          : 170)   Prepared batch 0 of 40579 reads.
  0:00:16.650   407M / 606M  INFO    General                 (hammer_tools.cpp          : 177)   Processed batch 0
  0:00:16.726   407M / 606M  INFO    General                 (hammer_tools.cpp          : 187)   Written batch 0
  0:00:16.744   292M / 606M  INFO    General                 (hammer_tools.cpp          : 276)   Correction done. Changed 14315 bases in 9330 reads.
  0:00:16.746   292M / 606M  INFO    General                 (hammer_tools.cpp          : 277)   Failed to correct 1350 bases out of 7844177.
  0:00:16.746     1M / 606M  INFO    General                 (main.cpp                  : 255)   Saving corrected dataset description to /gpfs01/home/jc428818/Placement/uce-tutorial/assemblies/mus/corrected/corrected.yaml
  0:00:16.750     1M / 606M  INFO    General                 (main.cpp                  : 262)   All done. Exiting.

===== Read error correction finished. 


===== corrected reads compression started. 


== Running: /usr/bin/python3 /usr/share/spades/spades_pipeline/scripts/compress_all.py --input_file /gpfs01/home/jc428818/Placement/uce-tutorial/assemblies/mus/corrected/corrected.yaml --ext_python_modules_home /usr/share/spades --max_threads 16 --output_dir /gpfs01/home/jc428818/Placement/uce-tutorial/assemblies/mus/corrected --gzip_output

== Compressing corrected reads (with pigz)
== Files to compress: ['/gpfs01/home/jc428818/Placement/uce-tutorial/assemblies/mus/corrected/mus_R1.fq.00.0_0.cor.fastq', '/gpfs01/home/jc428818/Placement/uce-tutorial/assemblies/mus/corrected/mus_R2.fq.00.0_0.cor.fastq', '/gpfs01/home/jc428818/Placement/uce-tutorial/assemblies/mus/corrected/mus_R_unpaired.00.0_0.cor.fastq']
== Files compression is finished
== Dataset yaml file is updated

===== corrected reads compression finished. 


===== Read error correction finished. 


===== Assembling started. 


===== K21 started. 


== Running: /usr/libexec/spades/spades-core /gpfs01/home/jc428818/Placement/uce-tutorial/assemblies/mus/K21/configs/config.info

  0:00:00.000     1M / 29M   INFO    General                 (main.cpp                  :  99)   Loaded config from /gpfs01/home/jc428818/Placement/uce-tutorial/assemblies/mus/K21/configs/config.info
  0:00:00.000     1M / 29M   INFO    General                 (memory_limit.cpp          :  54)   Memory limit set to 250 Gb
  0:00:00.000     1M / 29M   INFO    General                 (main.cpp                  : 107)   Starting SPAdes, built from N/A, git revision N/A
  0:00:00.000     1M / 29M   INFO    General                 (main.cpp                  : 108)   Maximum k-mer length: 128
  0:00:00.000     1M / 29M   INFO    General                 (main.cpp                  : 109)   Assembling dataset (/gpfs01/home/jc428818/Placement/uce-tutorial/assemblies/mus/dataset.info) with K=21
  0:00:00.000     1M / 29M   INFO    General                 (main.cpp                  : 110)   Maximum # of threads to use (adjusted due to OMP capabilities): 4
  0:00:00.000     1M / 29M   INFO    General                 (pipeline.cpp              : 212)   SPAdes started
  0:00:00.000     1M / 29M   INFO    General                 (pipeline.cpp              : 225)   Starting from stage: read_conversion
  0:00:00.000     1M / 29M   INFO    General                 (pipeline.cpp              : 231)   Two-step repeat resolution disabled
  0:00:00.001     1M / 29M   INFO   GraphCore                (graph_core.hpp            : 672)   Graph created, vertex min_id: 3, edge min_id: 3
  0:00:00.002     1M / 29M   INFO   GraphCore                (graph_core.hpp            : 673)   Vertex size: 48, edge size: 40
  0:00:00.002     1M / 29M   INFO    General                 (edge_index.hpp            : 113)   Size of edge index entries: 12/8
  0:00:00.003     1M / 29M   INFO   StageManager             (stage.cpp                 : 185)   STAGE == Binary Read Conversion (id: read_conversion)
  0:00:00.004     1M / 29M   INFO    General                 (read_converter.cpp        :  72)   Converting reads to binary format for library #0 (takes a while)
  0:00:00.004     1M / 29M   INFO    General                 (read_converter.cpp        :  73)   Converting paired reads
  0:00:00.206    66M / 66M   INFO    General                 (binary_converter.cpp      :  96)   16384 reads processed
  0:00:00.219    69M / 69M   INFO    General                 (binary_converter.cpp      :  96)   32768 reads processed
  0:00:00.304    63M / 63M   INFO    General                 (binary_converter.cpp      : 111)   35859 reads written
  0:00:00.304    41M / 50M   INFO    General                 (read_converter.cpp        :  86)   Converting single reads
  0:00:00.326    71M / 71M   INFO    General                 (binary_converter.cpp      : 111)   3788 reads written
  0:00:00.326    61M / 61M   INFO    General                 (read_converter.cpp        :  92)   Converting merged reads
  0:00:00.327    71M / 71M   INFO    General                 (binary_converter.cpp      : 111)   0 reads written
  0:00:00.329     1M / 54M   INFO   StageManager             (stage.cpp                 : 185)   STAGE == de Bruijn graph construction (id: construction)
  0:00:00.330     1M / 54M   INFO    General                 (construction.cpp          : 153)   Max read length 100
  0:00:00.330     1M / 54M   INFO    General                 (construction.cpp          : 159)   Average read length 97.1855
  0:00:00.330     1M / 54M   INFO    General                 (stage.cpp                 : 117)   PROCEDURE == k+1-mer counting (id: construction:kpomer_counting)
  0:00:00.331     1M / 54M   INFO    General                 (kmer_index_builder.hpp    : 243)   Splitting kmer instances into 40 files using 4 threads. This might take a while.
  0:00:00.332     1M / 54M   INFO    General                 (file_limit.hpp            :  42)   Open file limit set to 16384
  0:00:00.332     1M / 54M   INFO    General                 (kmer_splitter.hpp         :  93)   Memory available for splitting buffers: 20.8333 Gb
  0:00:00.332     1M / 54M   INFO    General                 (kmer_splitter.hpp         : 101)   Using cell size of 1677721
  0:00:00.653  2401M / 2401M INFO    General                 (kmer_splitters.hpp        : 125)   Processed 151012 reads
  0:00:00.653     1M / 378M  INFO    General                 (kmer_splitters.hpp        : 131)   Used 151012 reads
  0:00:00.654     1M / 378M  INFO    General                 (kmer_index_builder.hpp    : 249)   Starting k-mer counting.
  0:00:00.690     1M / 378M  INFO    General                 (kmer_index_builder.hpp    : 260)   K-mer counting done. There are 4025664 kmers in total.
  0:00:00.690     1M / 378M  INFO    General                 (stage.cpp                 : 117)   PROCEDURE == Extension index construction (id: construction:extension_index_construction)
  0:00:00.692     1M / 378M  INFO   K-mer Index Building     (kmer_index_builder.hpp    : 438)   Building kmer index
  0:00:00.692     1M / 378M  INFO    General                 (kmer_index_builder.hpp    : 243)   Splitting kmer instances into 40 files using 4 threads. This might take a while.
  0:00:00.692     1M / 378M  INFO    General                 (file_limit.hpp            :  42)   Open file limit set to 16384
  0:00:00.692     1M / 378M  INFO    General                 (kmer_splitter.hpp         :  93)   Memory available for splitting buffers: 20.8333 Gb
  0:00:00.692     1M / 378M  INFO    General                 (kmer_splitter.hpp         : 101)   Using cell size of 1677721
  0:00:01.121  2401M / 2401M INFO    General                 (kmer_splitters.hpp        : 194)   Processed 4025664 kmers
  0:00:01.121  2401M / 2401M INFO    General                 (kmer_splitters.hpp        : 199)   Used 4025664 kmers.
  0:00:01.121     1M / 424M  INFO    General                 (kmer_index_builder.hpp    : 249)   Starting k-mer counting.
  0:00:01.168     1M / 424M  INFO    General                 (kmer_index_builder.hpp    : 260)   K-mer counting done. There are 4059968 kmers in total.
  0:00:01.168     1M / 424M  INFO   K-mer Index Building     (kmer_index_builder.hpp    : 395)   Building perfect hash indices
  0:00:01.264     4M / 424M  INFO   K-mer Index Building     (kmer_index_builder.hpp    : 431)   Index built. Total 4059968 kmers, 2962472 bytes occupied (5.83743 bits per kmer).
  0:00:01.264     4M / 424M  INFO    General                 (kmer_index_builder.hpp    : 169)   Merging final buckets.
  0:00:01.292     8M / 424M  INFO   DeBruijnExtensionIndexBu (kmer_extension_index_build: 100)   Building k-mer extensions from k+1-mers
  0:00:01.708     8M / 424M  INFO   DeBruijnExtensionIndexBu (kmer_extension_index_build: 105)   Building k-mer extensions from k+1-mers finished.
  0:00:01.711     8M / 424M  INFO    General                 (stage.cpp                 : 117)   PROCEDURE == Early tip clipping (id: construction:early_tip_clipper)
  0:00:01.711     8M / 424M  INFO    General                 (construction.cpp          : 301)   Early tip clipper length bound set as (RL - K)
  0:00:01.711     8M / 424M  INFO   Early tip clipping       (early_simplification.hpp  :  47)   Early tip clipping
  0:00:01.921     9M / 424M  INFO   Early tip clipping       (early_simplification.hpp  :  82)   #tipped junctions: 13390
  0:00:01.923     9M / 424M  INFO   Early tip clipping       (early_simplification.hpp  :  93)   Clipped tips: 13795
  0:00:01.925     8M / 424M  INFO   Early tip clipping       (early_simplification.hpp  :  49)   334662 22-mers were removed by early tip clipper
  0:00:01.925     8M / 424M  INFO    General                 (stage.cpp                 : 117)   PROCEDURE == Condensing graph (id: construction:graph_condensing)
  0:00:01.926     8M / 424M  INFO   UnbranchingPathExtractor (debruijn_graph_constructor: 354)   Extracting unbranching paths
  0:00:02.319    11M / 424M  INFO   UnbranchingPathExtractor (debruijn_graph_constructor: 373)   Extracting unbranching paths finished. 62967 sequences extracted
  0:00:02.603    11M / 424M  INFO   UnbranchingPathExtractor (debruijn_graph_constructor: 309)   Collecting perfect loops
  0:00:02.695    12M / 424M  INFO   UnbranchingPathExtractor (debruijn_graph_constructor: 342)   Collecting perfect loops finished. 118 loops collected
  0:00:02.700    11M / 424M  INFO    General                 (debruijn_graph_constructor: 487)   Total 126170 edges to create
  0:00:02.700    16M / 424M  INFO    General                 (debruijn_graph_constructor: 489)   Collecting link records
  0:00:02.732    18M / 424M  INFO    General                 (debruijn_graph_constructor: 491)   Ordering link records
  0:00:02.735    18M / 424M  INFO    General                 (debruijn_graph_constructor: 493)   Sorting done
  0:00:02.736    19M / 424M  INFO    General                 (debruijn_graph_constructor: 503)   Total 97389 vertices to create
  0:00:02.736    28M / 424M  INFO    General                 (debruijn_graph_constructor: 506)   Connecting the graph
  0:00:02.795    24M / 424M  INFO    General                 (stage.cpp                 : 117)   PROCEDURE == Filling coverage indices (PHM) (id: construction:coverage_filling_phm)
  0:00:02.795    24M / 424M  INFO   K-mer Index Building     (kmer_index_builder.hpp    : 395)   Building perfect hash indices
  0:00:02.884    28M / 424M  INFO   K-mer Index Building     (kmer_index_builder.hpp    : 431)   Index built. Total 4025664 kmers, 2937664 bytes occupied (5.83787 bits per kmer).
  0:00:02.887    44M / 424M  INFO    General                 (coverage_hash_map_builder.:  47)   Collecting k-mer coverage information from reads, this takes a while.
  0:00:03.232    44M / 424M  INFO    General                 (construction.cpp          : 430)   Filling coverage and flanking coverage from PHM
  0:00:03.568    44M / 424M  INFO    General                 (coverage_filling.hpp      :  82)   Processed 126159 edges
  0:00:03.593    17M / 424M  INFO   StageManager             (stage.cpp                 : 185)   STAGE == EC Threshold Finding (id: ec_threshold_finder)
  0:00:03.593    17M / 424M  INFO    General                 (kmer_coverage_model.cpp   : 181)   Kmer coverage valley at: 32
  0:00:03.593    17M / 424M  INFO    General                 (kmer_coverage_model.cpp   : 201)   K-mer histogram maximum: 34
  0:00:03.593    17M / 424M  INFO    General                 (kmer_coverage_model.cpp   : 237)   Estimated median coverage: 35. Coverage mad: 2.9652
  0:00:03.593    17M / 424M  INFO    General                 (kmer_coverage_model.cpp   : 259)   Fitting coverage model
  0:00:03.607    17M / 424M  INFO    General                 (kmer_coverage_model.cpp   : 295)   ... iteration 2
  0:00:03.645    17M / 424M  INFO    General                 (kmer_coverage_model.cpp   : 295)   ... iteration 4
  0:00:03.748    17M / 424M  INFO    General                 (kmer_coverage_model.cpp   : 295)   ... iteration 8
  0:00:03.960    17M / 424M  INFO    General                 (kmer_coverage_model.cpp   : 295)   ... iteration 16
  0:00:04.259    17M / 424M  INFO    General                 (kmer_coverage_model.cpp   : 295)   ... iteration 32
  0:00:05.084    17M / 424M  INFO    General                 (kmer_coverage_model.cpp   : 295)   ... iteration 64
  0:00:06.359    17M / 424M  INFO    General                 (kmer_coverage_model.cpp   : 295)   ... iteration 128
  0:00:06.359    17M / 424M  INFO    General                 (kmer_coverage_model.cpp   : 309)   Fitted mean coverage: 6.97303. Fitted coverage std. dev: 1.49065
  0:00:06.359    17M / 424M  WARN    General                 (kmer_coverage_model.cpp   : 327)   Valley value was estimated improperly, reset to 2
  0:00:06.359    17M / 424M  INFO    General                 (kmer_coverage_model.cpp   : 334)   Probability of erroneous kmer at valley: 1
  0:00:06.359    17M / 424M  INFO    General                 (kmer_coverage_model.cpp   : 358)   Preliminary threshold calculated as: 50
  0:00:06.359    17M / 424M  INFO    General                 (kmer_coverage_model.cpp   : 362)   Threshold adjusted to: 4
  0:00:06.360    17M / 424M  INFO    General                 (kmer_coverage_model.cpp   : 375)   Estimated genome size (ignoring repeats): 140064
  0:00:06.360    17M / 424M  INFO    General                 (genomic_info_filler.cpp   :  55)   Mean coverage was calculated as 6.97303
  0:00:06.360    17M / 424M  INFO    General                 (genomic_info_filler.cpp   :  70)   EC coverage threshold value was calculated as 4
  0:00:06.360    17M / 424M  INFO    General                 (genomic_info_filler.cpp   :  71)   Trusted kmer low bound: 0
  0:00:06.360    17M / 424M  INFO   StageManager             (stage.cpp                 : 185)   STAGE == Raw Simplification (id: raw_simplification)
  0:00:06.360    17M / 424M  INFO    General                 (simplification.cpp        : 127)   PROCEDURE == Initial cleaning
  0:00:06.360    17M / 424M  INFO    General                 (simplification.cpp        :  66)   Most init cleaning disabled since detected mean 6.97303 was less than activation coverage 10
  0:00:06.360    17M / 424M  INFO   Simplification           (parallel_processing.hpp   : 167)   Running Self conjugate edge remover
  0:00:06.366    17M / 424M  INFO   Simplification           (parallel_processing.hpp   : 170)   Self conjugate edge remover triggered 0 times
  0:00:06.366    17M / 424M  INFO   StageManager             (stage.cpp                 : 185)   STAGE == Simplification (id: simplification)
  0:00:06.366    17M / 424M  INFO    General                 (simplification.cpp        : 368)   Graph simplification started
  0:00:06.367    17M / 424M  INFO    General                 (graph_simplification.hpp  : 634)   Creating parallel br instance
  0:00:06.367    17M / 424M  INFO    General                 (simplification.cpp        : 373)   PROCEDURE == Simplification cycle, iteration 1
  0:00:06.367    17M / 424M  INFO   Simplification           (parallel_processing.hpp   : 167)   Running Tip clipper
  0:00:06.381    17M / 424M  INFO   Simplification           (parallel_processing.hpp   : 170)   Tip clipper triggered 1787 times
  0:00:06.381    17M / 424M  INFO   Simplification           (parallel_processing.hpp   : 167)   Running Bulge remover
  0:00:06.498    17M / 424M  INFO   Simplification           (parallel_processing.hpp   : 170)   Bulge remover triggered 2789 times
  0:00:06.499    17M / 424M  INFO   Simplification           (parallel_processing.hpp   : 167)   Running Low coverage edge remover
  0:00:06.504    18M / 424M  INFO   Simplification           (parallel_processing.hpp   : 170)   Low coverage edge remover triggered 0 times
  0:00:06.504    18M / 424M  INFO    General                 (simplification.cpp        : 373)   PROCEDURE == Simplification cycle, iteration 2
  0:00:06.504    18M / 424M  INFO   Simplification           (parallel_processing.hpp   : 167)   Running Tip clipper
  0:00:06.507    17M / 424M  INFO   Simplification           (parallel_processing.hpp   : 170)   Tip clipper triggered 216 times
  0:00:06.507    17M / 424M  INFO   Simplification           (parallel_processing.hpp   : 167)   Running Bulge remover
  0:00:06.508    17M / 424M  INFO   Simplification           (parallel_processing.hpp   : 170)   Bulge remover triggered 24 times
  0:00:06.508    17M / 424M  INFO   Simplification           (parallel_processing.hpp   : 167)   Running Low coverage edge remover
  0:00:06.508    17M / 424M  INFO   Simplification           (parallel_processing.hpp   : 170)   Low coverage edge remover triggered 0 times
  0:00:06.508    17M / 424M  INFO    General                 (simplification.cpp        : 373)   PROCEDURE == Simplification cycle, iteration 3
  0:00:06.508    17M / 424M  INFO   Simplification           (parallel_processing.hpp   : 167)   Running Tip clipper
  0:00:06.508    17M / 424M  INFO   Simplification           (parallel_processing.hpp   : 170)   Tip clipper triggered 2 times
  0:00:06.508    17M / 424M  INFO   Simplification           (parallel_processing.hpp   : 167)   Running Bulge remover
  0:00:06.509    17M / 424M  INFO   Simplification           (parallel_processing.hpp   : 170)   Bulge remover triggered 2 times
  0:00:06.509    17M / 424M  INFO   Simplification           (parallel_processing.hpp   : 167)   Running Low coverage edge remover
  0:00:06.520    17M / 424M  INFO   Simplification           (parallel_processing.hpp   : 170)   Low coverage edge remover triggered 1983 times
  0:00:06.520    17M / 424M  INFO    General                 (simplification.cpp        : 373)   PROCEDURE == Simplification cycle, iteration 4
  0:00:06.520    17M / 424M  INFO   Simplification           (parallel_processing.hpp   : 167)   Running Tip clipper
  0:00:06.521    17M / 424M  INFO   Simplification           (parallel_processing.hpp   : 170)   Tip clipper triggered 325 times
  0:00:06.521    17M / 424M  INFO   Simplification           (parallel_processing.hpp   : 167)   Running Bulge remover
  0:00:06.544    17M / 424M  INFO   Simplification           (parallel_processing.hpp   : 170)   Bulge remover triggered 477 times
  0:00:06.544    17M / 424M  INFO   Simplification           (parallel_processing.hpp   : 167)   Running Low coverage edge remover
  0:00:06.545    17M / 424M  INFO   Simplification           (parallel_processing.hpp   : 170)   Low coverage edge remover triggered 198 times
  0:00:06.545    17M / 424M  INFO    General                 (simplification.cpp        : 373)   PROCEDURE == Simplification cycle, iteration 5
  0:00:06.545    17M / 424M  INFO   Simplification           (parallel_processing.hpp   : 167)   Running Tip clipper
  0:00:06.546    17M / 424M  INFO   Simplification           (parallel_processing.hpp   : 170)   Tip clipper triggered 32 times
  0:00:06.546    17M / 424M  INFO   Simplification           (parallel_processing.hpp   : 167)   Running Bulge remover
  0:00:06.550    17M / 424M  INFO   Simplification           (parallel_processing.hpp   : 170)   Bulge remover triggered 76 times
  0:00:06.550    17M / 424M  INFO   Simplification           (parallel_processing.hpp   : 167)   Running Low coverage edge remover
  0:00:06.551    17M / 424M  INFO   Simplification           (parallel_processing.hpp   : 170)   Low coverage edge remover triggered 259 times
  0:00:06.551    17M / 424M  INFO    General                 (simplification.cpp        : 373)   PROCEDURE == Simplification cycle, iteration 6
  0:00:06.551    17M / 424M  INFO   Simplification           (parallel_processing.hpp   : 167)   Running Tip clipper
  0:00:06.551    17M / 424M  INFO   Simplification           (parallel_processing.hpp   : 170)   Tip clipper triggered 24 times
  0:00:06.551    17M / 424M  INFO   Simplification           (parallel_processing.hpp   : 167)   Running Bulge remover
  0:00:06.555    17M / 424M  INFO   Simplification           (parallel_processing.hpp   : 170)   Bulge remover triggered 103 times
  0:00:06.555    17M / 424M  INFO   Simplification           (parallel_processing.hpp   : 167)   Running Low coverage edge remover
  0:00:06.556    17M / 424M  INFO   Simplification           (parallel_processing.hpp   : 170)   Low coverage edge remover triggered 81 times
  0:00:06.556    17M / 424M  INFO    General                 (simplification.cpp        : 373)   PROCEDURE == Simplification cycle, iteration 7
  0:00:06.556    17M / 424M  INFO   Simplification           (parallel_processing.hpp   : 167)   Running Tip clipper
  0:00:06.556    17M / 424M  INFO   Simplification           (parallel_processing.hpp   : 170)   Tip clipper triggered 4 times
  0:00:06.556    17M / 424M  INFO   Simplification           (parallel_processing.hpp   : 167)   Running Bulge remover
  0:00:06.557    17M / 424M  INFO   Simplification           (parallel_processing.hpp   : 170)   Bulge remover triggered 38 times
  0:00:06.557    17M / 424M  INFO   Simplification           (parallel_processing.hpp   : 167)   Running Low coverage edge remover
  0:00:06.557    17M / 424M  INFO   Simplification           (parallel_processing.hpp   : 170)   Low coverage edge remover triggered 49 times
  0:00:06.557    17M / 424M  INFO    General                 (simplification.cpp        : 373)   PROCEDURE == Simplification cycle, iteration 8
  0:00:06.557    17M / 424M  INFO   Simplification           (parallel_processing.hpp   : 167)   Running Tip clipper
  0:00:06.557    17M / 424M  INFO   Simplification           (parallel_processing.hpp   : 170)   Tip clipper triggered 2 times
  0:00:06.557    17M / 424M  INFO   Simplification           (parallel_processing.hpp   : 167)   Running Bulge remover
  0:00:06.558    17M / 424M  INFO   Simplification           (parallel_processing.hpp   : 170)   Bulge remover triggered 19 times
  0:00:06.558    17M / 424M  INFO   Simplification           (parallel_processing.hpp   : 167)   Running Low coverage edge remover
  0:00:06.558    17M / 424M  INFO   Simplification           (parallel_processing.hpp   : 170)   Low coverage edge remover triggered 73 times
  0:00:06.558    17M / 424M  INFO    General                 (simplification.cpp        : 373)   PROCEDURE == Simplification cycle, iteration 9
  0:00:06.558    17M / 424M  INFO   Simplification           (parallel_processing.hpp   : 167)   Running Tip clipper
  0:00:06.558    17M / 424M  INFO   Simplification           (parallel_processing.hpp   : 170)   Tip clipper triggered 3 times
  0:00:06.559    17M / 424M  INFO   Simplification           (parallel_processing.hpp   : 167)   Running Bulge remover
  0:00:06.559    17M / 424M  INFO   Simplification           (parallel_processing.hpp   : 170)   Bulge remover triggered 30 times
  0:00:06.559    17M / 424M  INFO   Simplification           (parallel_processing.hpp   : 167)   Running Low coverage edge remover
  0:00:06.560    17M / 424M  INFO   Simplification           (parallel_processing.hpp   : 170)   Low coverage edge remover triggered 19 times
  0:00:06.560    17M / 424M  INFO    General                 (simplification.cpp        : 373)   PROCEDURE == Simplification cycle, iteration 10
  0:00:06.560    17M / 424M  INFO   Simplification           (parallel_processing.hpp   : 167)   Running Tip clipper
  0:00:06.560    17M / 424M  INFO   Simplification           (parallel_processing.hpp   : 170)   Tip clipper triggered 0 times
  0:00:06.560    17M / 424M  INFO   Simplification           (parallel_processing.hpp   : 167)   Running Bulge remover
  0:00:06.560    17M / 424M  INFO   Simplification           (parallel_processing.hpp   : 170)   Bulge remover triggered 12 times
  0:00:06.560    17M / 424M  INFO   Simplification           (parallel_processing.hpp   : 167)   Running Low coverage edge remover
  0:00:06.560    17M / 424M  INFO   Simplification           (parallel_processing.hpp   : 170)   Low coverage edge remover triggered 47 times
  0:00:06.560    17M / 424M  INFO    General                 (simplification.cpp        : 373)   PROCEDURE == Simplification cycle, iteration 11
  0:00:06.560    17M / 424M  INFO   Simplification           (parallel_processing.hpp   : 167)   Running Tip clipper
  0:00:06.566    17M / 424M  INFO   Simplification           (parallel_processing.hpp   : 170)   Tip clipper triggered 2 times
  0:00:06.566    17M / 424M  INFO   Simplification           (parallel_processing.hpp   : 167)   Running Bulge remover
  0:00:06.571    17M / 424M  INFO   Simplification           (parallel_processing.hpp   : 170)   Bulge remover triggered 35 times
  0:00:06.571    17M / 424M  INFO   Simplification           (parallel_processing.hpp   : 167)   Running Low coverage edge remover
  0:00:06.574    17M / 424M  INFO   Simplification           (parallel_processing.hpp   : 170)   Low coverage edge remover triggered 0 times
  0:00:06.574    17M / 424M  INFO    General                 (simplification.cpp        : 373)   PROCEDURE == Simplification cycle, iteration 12
  0:00:06.574    17M / 424M  INFO   Simplification           (parallel_processing.hpp   : 167)   Running Tip clipper
  0:00:06.574    17M / 424M  INFO   Simplification           (parallel_processing.hpp   : 170)   Tip clipper triggered 0 times
  0:00:06.574    17M / 424M  INFO   Simplification           (parallel_processing.hpp   : 167)   Running Bulge remover
  0:00:06.574    17M / 424M  INFO   Simplification           (parallel_processing.hpp   : 170)   Bulge remover triggered 0 times
  0:00:06.574    17M / 424M  INFO   Simplification           (parallel_processing.hpp   : 167)   Running Low coverage edge remover
  0:00:06.574    17M / 424M  INFO   Simplification           (parallel_processing.hpp   : 170)   Low coverage edge remover triggered 0 times
  0:00:06.576    16M / 424M  INFO   StageManager             (stage.cpp                 : 185)   STAGE == Simplification Cleanup (id: simplification_cleanup)
  0:00:06.576    16M / 424M  INFO    General                 (simplification.cpp        : 176)   PROCEDURE == Post simplification
  0:00:06.576    16M / 424M  INFO    General                 (graph_simplification.hpp  : 448)   Disconnection of relatively low covered edges disabled
  0:00:06.576    16M / 424M  INFO    General                 (graph_simplification.hpp  : 485)   Complex tip clipping disabled
  0:00:06.576    16M / 424M  INFO    General                 (graph_simplification.hpp  : 634)   Creating parallel br instance
  0:00:06.576    17M / 424M  INFO   Simplification           (parallel_processing.hpp   : 167)   Running Tip clipper
  0:00:06.582    17M / 424M  INFO   Simplification           (parallel_processing.hpp   : 170)   Tip clipper triggered 0 times
  0:00:06.582    17M / 424M  INFO   Simplification           (parallel_processing.hpp   : 167)   Running Bulge remover
  0:00:06.586    17M / 424M  INFO   Simplification           (parallel_processing.hpp   : 170)   Bulge remover triggered 0 times
  0:00:06.586    17M / 424M  INFO   Simplification           (parallel_processing.hpp   : 167)   Running Tip clipper
  0:00:06.590    17M / 424M  INFO   Simplification           (parallel_processing.hpp   : 170)   Tip clipper triggered 0 times
  0:00:06.590    17M / 424M  INFO   Simplification           (parallel_processing.hpp   : 167)   Running Bulge remover
  0:00:06.594    17M / 424M  INFO   Simplification           (parallel_processing.hpp   : 170)   Bulge remover triggered 0 times
  0:00:06.594    17M / 424M  INFO    General                 (simplification.cpp        : 327)   Disrupting self-conjugate edges
  0:00:06.603    17M / 424M  INFO   Simplification           (parallel_processing.hpp   : 167)   Running Removing isolated edges
  0:00:06.647    15M / 424M  INFO   Simplification           (parallel_processing.hpp   : 170)   Removing isolated edges triggered 40078 times
  0:00:06.648    15M / 424M  INFO    General                 (simplification.cpp        : 495)   After simplification:
  0:00:06.648    15M / 424M  INFO    General                 (simplification.cpp        : 496)     Average coverage = 5.43942
  0:00:06.648    15M / 424M  INFO    General                 (simplification.cpp        : 497)     Total length = 303526
  0:00:06.648    15M / 424M  INFO    General                 (simplification.cpp        : 498)     Median edge length: 331
  0:00:06.648    15M / 424M  INFO    General                 (simplification.cpp        : 499)     Edges: 3950
  0:00:06.648    15M / 424M  INFO    General                 (simplification.cpp        : 500)     Vertices: 5044
  0:00:06.648    15M / 424M  INFO   StageManager             (stage.cpp                 : 185)   STAGE == Contig Output (id: contig_output)
  0:00:06.649    15M / 424M  INFO    General                 (read_converter.cpp        : 107)   Outputting contigs to /gpfs01/home/jc428818/Placement/uce-tutorial/assemblies/mus/K21/simplified_contigs
  0:00:06.659    17M / 424M  INFO    General                 (binary_converter.cpp      : 111)   1975 reads written
  0:00:06.664    15M / 424M  INFO    General                 (pipeline.cpp              : 287)   SPAdes finished
  0:00:06.665     1M / 424M  INFO    General                 (main.cpp                  : 136)   Assembling time: 0 hours 0 minutes 6 seconds

===== K21 finished. 


===== K33 started. 


== Running: /usr/libexec/spades/spades-core /gpfs01/home/jc428818/Placement/uce-tutorial/assemblies/mus/K33/configs/config.info

  0:00:00.000     1M / 29M   INFO    General                 (main.cpp                  :  99)   Loaded config from /gpfs01/home/jc428818/Placement/uce-tutorial/assemblies/mus/K33/configs/config.info
  0:00:00.000     1M / 29M   INFO    General                 (memory_limit.cpp          :  54)   Memory limit set to 250 Gb
  0:00:00.000     1M / 29M   INFO    General                 (main.cpp                  : 107)   Starting SPAdes, built from N/A, git revision N/A
  0:00:00.000     1M / 29M   INFO    General                 (main.cpp                  : 108)   Maximum k-mer length: 128
  0:00:00.000     1M / 29M   INFO    General                 (main.cpp                  : 109)   Assembling dataset (/gpfs01/home/jc428818/Placement/uce-tutorial/assemblies/mus/dataset.info) with K=33
  0:00:00.000     1M / 29M   INFO    General                 (main.cpp                  : 110)   Maximum # of threads to use (adjusted due to OMP capabilities): 4
  0:00:00.000     1M / 29M   INFO    General                 (pipeline.cpp              : 212)   SPAdes started
  0:00:00.000     1M / 29M   INFO    General                 (pipeline.cpp              : 225)   Starting from stage: read_conversion
  0:00:00.000     1M / 29M   INFO    General                 (pipeline.cpp              : 231)   Two-step repeat resolution disabled
  0:00:00.000     1M / 29M   INFO   GraphCore                (graph_core.hpp            : 672)   Graph created, vertex min_id: 3, edge min_id: 3
  0:00:00.000     1M / 29M   INFO   GraphCore                (graph_core.hpp            : 673)   Vertex size: 48, edge size: 40
  0:00:00.000     1M / 29M   INFO    General                 (edge_index.hpp            : 113)   Size of edge index entries: 12/8
  0:00:00.000     1M / 29M   INFO   StageManager             (stage.cpp                 : 185)   STAGE == Binary Read Conversion (id: read_conversion)
  0:00:00.001     1M / 29M   INFO    General                 (read_converter.cpp        :  53)   Binary reads detected
  0:00:00.001     1M / 29M   INFO   StageManager             (stage.cpp                 : 185)   STAGE == de Bruijn graph construction (id: construction)
  0:00:00.001     1M / 29M   INFO    General                 (construction.cpp          : 118)   Contigs from previous K will be used: /gpfs01/home/jc428818/Placement/uce-tutorial/assemblies/mus/K21/simplified_contigs
  0:00:00.003     1M / 29M   INFO    General                 (construction.cpp          : 153)   Max read length 100
  0:00:00.003     1M / 29M   INFO    General                 (construction.cpp          : 159)   Average read length 97.1855
  0:00:00.003     1M / 29M   INFO    General                 (stage.cpp                 : 117)   PROCEDURE == k+1-mer counting (id: construction:kpomer_counting)
  0:00:00.003     1M / 29M   INFO    General                 (kmer_index_builder.hpp    : 243)   Splitting kmer instances into 40 files using 4 threads. This might take a while.
  0:00:00.003     1M / 29M   INFO    General                 (file_limit.hpp            :  42)   Open file limit set to 16384
  0:00:00.004     1M / 29M   INFO    General                 (kmer_splitter.hpp         :  93)   Memory available for splitting buffers: 20.8333 Gb
  0:00:00.004     1M / 29M   INFO    General                 (kmer_splitter.hpp         : 101)   Using cell size of 838860
  0:00:00.321  2401M / 2401M INFO    General                 (kmer_splitters.hpp        : 125)   Processed 154962 reads
  0:00:00.321     1M / 338M  INFO    General                 (kmer_splitters.hpp        : 131)   Used 154962 reads
  0:00:00.322     1M / 338M  INFO    General                 (kmer_index_builder.hpp    : 249)   Starting k-mer counting.
  0:00:00.372     1M / 338M  INFO    General                 (kmer_index_builder.hpp    : 260)   K-mer counting done. There are 3533879 kmers in total.
  0:00:00.372     1M / 338M  INFO    General                 (stage.cpp                 : 117)   PROCEDURE == Extension index construction (id: construction:extension_index_construction)
  0:00:00.374     1M / 338M  INFO   K-mer Index Building     (kmer_index_builder.hpp    : 438)   Building kmer index
  0:00:00.374     1M / 338M  INFO    General                 (kmer_index_builder.hpp    : 243)   Splitting kmer instances into 40 files using 4 threads. This might take a while.
  0:00:00.375     1M / 338M  INFO    General                 (file_limit.hpp            :  42)   Open file limit set to 16384
  0:00:00.375     1M / 338M  INFO    General                 (kmer_splitter.hpp         :  93)   Memory available for splitting buffers: 20.8333 Gb
  0:00:00.375     1M / 338M  INFO    General                 (kmer_splitter.hpp         : 101)   Using cell size of 838860
  0:00:00.826  2401M / 2401M INFO    General                 (kmer_splitters.hpp        : 194)   Processed 3533879 kmers
  0:00:00.826  2401M / 2401M INFO    General                 (kmer_splitters.hpp        : 199)   Used 3533879 kmers.
  0:00:00.826     1M / 403M  INFO    General                 (kmer_index_builder.hpp    : 249)   Starting k-mer counting.
  0:00:00.873     1M / 403M  INFO    General                 (kmer_index_builder.hpp    : 260)   K-mer counting done. There are 3578113 kmers in total.
  0:00:00.873     1M / 403M  INFO   K-mer Index Building     (kmer_index_builder.hpp    : 395)   Building perfect hash indices
  0:00:00.983     4M / 403M  INFO   K-mer Index Building     (kmer_index_builder.hpp    : 431)   Index built. Total 3578113 kmers, 2614088 bytes occupied (5.84462 bits per kmer).
  0:00:00.983     4M / 403M  INFO    General                 (kmer_index_builder.hpp    : 169)   Merging final buckets.
  0:00:01.038     7M / 403M  INFO   DeBruijnExtensionIndexBu (kmer_extension_index_build: 100)   Building k-mer extensions from k+1-mers
  0:00:01.421     7M / 403M  INFO   DeBruijnExtensionIndexBu (kmer_extension_index_build: 105)   Building k-mer extensions from k+1-mers finished.
  0:00:01.424     7M / 403M  INFO    General                 (stage.cpp                 : 117)   PROCEDURE == Early tip clipping (id: construction:early_tip_clipper)
  0:00:01.425     7M / 403M  INFO    General                 (construction.cpp          : 301)   Early tip clipper length bound set as (RL - K)
  0:00:01.425     7M / 403M  INFO   Early tip clipping       (early_simplification.hpp  :  47)   Early tip clipping
  0:00:01.627     8M / 403M  INFO   Early tip clipping       (early_simplification.hpp  :  82)   #tipped junctions: 7894
  0:00:01.629     8M / 403M  INFO   Early tip clipping       (early_simplification.hpp  :  93)   Clipped tips: 8165
  0:00:01.631     7M / 403M  INFO   Early tip clipping       (early_simplification.hpp  :  49)   171533 34-mers were removed by early tip clipper
  0:00:01.631     7M / 403M  INFO    General                 (stage.cpp                 : 117)   PROCEDURE == Condensing graph (id: construction:graph_condensing)
  0:00:01.632     7M / 403M  INFO   UnbranchingPathExtractor (debruijn_graph_constructor: 354)   Extracting unbranching paths
  0:00:01.944    10M / 403M  INFO   UnbranchingPathExtractor (debruijn_graph_constructor: 373)   Extracting unbranching paths finished. 54604 sequences extracted
  0:00:02.189    10M / 403M  INFO   UnbranchingPathExtractor (debruijn_graph_constructor: 309)   Collecting perfect loops
  0:00:02.265    10M / 403M  INFO   UnbranchingPathExtractor (debruijn_graph_constructor: 342)   Collecting perfect loops finished. 92 loops collected
  0:00:02.270    10M / 403M  INFO    General                 (debruijn_graph_constructor: 487)   Total 109392 edges to create
  0:00:02.270    14M / 403M  INFO    General                 (debruijn_graph_constructor: 489)   Collecting link records
  0:00:02.301    16M / 403M  INFO    General                 (debruijn_graph_constructor: 491)   Ordering link records
  0:00:02.303    16M / 403M  INFO    General                 (debruijn_graph_constructor: 493)   Sorting done
  0:00:02.304    17M / 403M  INFO    General                 (debruijn_graph_constructor: 503)   Total 98930 vertices to create
  0:00:02.304    27M / 403M  INFO    General                 (debruijn_graph_constructor: 506)   Connecting the graph
  0:00:02.364    24M / 403M  INFO    General                 (stage.cpp                 : 117)   PROCEDURE == Filling coverage indices (PHM) (id: construction:coverage_filling_phm)
  0:00:02.364    24M / 403M  INFO   K-mer Index Building     (kmer_index_builder.hpp    : 395)   Building perfect hash indices
  0:00:02.457    26M / 403M  INFO   K-mer Index Building     (kmer_index_builder.hpp    : 431)   Index built. Total 3533879 kmers, 2582152 bytes occupied (5.84548 bits per kmer).
  0:00:02.460    40M / 403M  INFO    General                 (coverage_hash_map_builder.:  47)   Collecting k-mer coverage information from reads, this takes a while.
  0:00:02.742    40M / 403M  INFO    General                 (construction.cpp          : 430)   Filling coverage and flanking coverage from PHM
  0:00:03.037    40M / 403M  INFO    General                 (coverage_filling.hpp      :  82)   Processed 109390 edges
  0:00:03.058    17M / 403M  INFO   StageManager             (stage.cpp                 : 185)   STAGE == EC Threshold Finding (id: ec_threshold_finder)
  0:00:03.058    17M / 403M  INFO    General                 (kmer_coverage_model.cpp   : 181)   Kmer coverage valley at: 33
  0:00:03.058    17M / 403M  INFO    General                 (kmer_coverage_model.cpp   : 201)   K-mer histogram maximum: 35
  0:00:03.058    17M / 403M  INFO    General                 (kmer_coverage_model.cpp   : 237)   Estimated median coverage: 36. Coverage mad: 2.9652
  0:00:03.058    17M / 403M  INFO    General                 (kmer_coverage_model.cpp   : 259)   Fitting coverage model
  0:00:03.074    17M / 403M  INFO    General                 (kmer_coverage_model.cpp   : 295)   ... iteration 2
  0:00:03.106    17M / 403M  INFO    General                 (kmer_coverage_model.cpp   : 295)   ... iteration 4
  0:00:03.175    17M / 403M  INFO    General                 (kmer_coverage_model.cpp   : 295)   ... iteration 8
  0:00:03.343    17M / 403M  INFO    General                 (kmer_coverage_model.cpp   : 295)   ... iteration 16
  0:00:03.715    17M / 403M  INFO    General                 (kmer_coverage_model.cpp   : 295)   ... iteration 32
  0:00:04.192    17M / 403M  INFO    General                 (kmer_coverage_model.cpp   : 309)   Fitted mean coverage: 10.9826. Fitted coverage std. dev: 1.49788
  0:00:04.192    17M / 403M  WARN    General                 (kmer_coverage_model.cpp   : 327)   Valley value was estimated improperly, reset to 4
  0:00:04.192    17M / 403M  INFO    General                 (kmer_coverage_model.cpp   : 334)   Probability of erroneous kmer at valley: 1
  0:00:04.192    17M / 403M  WARN    General                 (kmer_coverage_model.cpp   : 366)   Failed to determine erroneous kmer threshold. Threshold set to: 4
  0:00:04.192    17M / 403M  INFO    General                 (kmer_coverage_model.cpp   : 375)   Estimated genome size (ignoring repeats): 114299
  0:00:04.192    17M / 403M  INFO    General                 (genomic_info_filler.cpp   :  57)   Failed to estimate mean coverage
  0:00:04.192    17M / 403M  INFO    General                 (genomic_info_filler.cpp   :  70)   EC coverage threshold value was calculated as 4
  0:00:04.192    17M / 403M  INFO    General                 (genomic_info_filler.cpp   :  71)   Trusted kmer low bound: 0
  0:00:04.192    17M / 403M  INFO   StageManager             (stage.cpp                 : 185)   STAGE == Raw Simplification (id: raw_simplification)
  0:00:04.192    17M / 403M  INFO    General                 (simplification.cpp        : 127)   PROCEDURE == Initial cleaning
  0:00:04.192    17M / 403M  INFO    General                 (simplification.cpp        :  66)   Most init cleaning disabled since detected mean 0 was less than activation coverage 10
  0:00:04.192    17M / 403M  INFO   Simplification           (parallel_processing.hpp   : 167)   Running Self conjugate edge remover
  0:00:04.197    17M / 403M  INFO   Simplification           (parallel_processing.hpp   : 170)   Self conjugate edge remover triggered 0 times
  0:00:04.197    17M / 403M  INFO   StageManager             (stage.cpp                 : 185)   STAGE == Simplification (id: simplification)
  0:00:04.197    17M / 403M  INFO    General                 (simplification.cpp        : 368)   Graph simplification started
  0:00:04.197    17M / 403M  INFO    General                 (graph_simplification.hpp  : 634)   Creating parallel br instance
  0:00:04.197    17M / 403M  INFO    General                 (simplification.cpp        : 373)   PROCEDURE == Simplification cycle, iteration 1
  0:00:04.197    17M / 403M  INFO   Simplification           (parallel_processing.hpp   : 167)   Running Tip clipper
  0:00:04.210    17M / 403M  INFO   Simplification           (parallel_processing.hpp   : 170)   Tip clipper triggered 1405 times
  0:00:04.210    17M / 403M  INFO   Simplification           (parallel_processing.hpp   : 167)   Running Bulge remover
  0:00:04.235    17M / 403M  INFO   Simplification           (parallel_processing.hpp   : 170)   Bulge remover triggered 787 times
  0:00:04.235    17M / 403M  INFO   Simplification           (parallel_processing.hpp   : 167)   Running Low coverage edge remover
  0:00:04.240    17M / 403M  INFO   Simplification           (parallel_processing.hpp   : 170)   Low coverage edge remover triggered 5 times
  0:00:04.240    17M / 403M  INFO    General                 (simplification.cpp        : 373)   PROCEDURE == Simplification cycle, iteration 2
  0:00:04.240    17M / 403M  INFO   Simplification           (parallel_processing.hpp   : 167)   Running Tip clipper
  0:00:04.241    17M / 403M  INFO   Simplification           (parallel_processing.hpp   : 170)   Tip clipper triggered 67 times
  0:00:04.241    17M / 403M  INFO   Simplification           (parallel_processing.hpp   : 167)   Running Bulge remover
  0:00:04.242    17M / 403M  INFO   Simplification           (parallel_processing.hpp   : 170)   Bulge remover triggered 10 times
  0:00:04.242    17M / 403M  INFO   Simplification           (parallel_processing.hpp   : 167)   Running Low coverage edge remover
  0:00:04.242    17M / 403M  INFO   Simplification           (parallel_processing.hpp   : 170)   Low coverage edge remover triggered 1 times
  0:00:04.242    17M / 403M  INFO    General                 (simplification.cpp        : 373)   PROCEDURE == Simplification cycle, iteration 3
  0:00:04.242    17M / 403M  INFO   Simplification           (parallel_processing.hpp   : 167)   Running Tip clipper
  0:00:04.242    17M / 403M  INFO   Simplification           (parallel_processing.hpp   : 170)   Tip clipper triggered 1 times
  0:00:04.242    17M / 403M  INFO   Simplification           (parallel_processing.hpp   : 167)   Running Bulge remover
  0:00:04.242    17M / 403M  INFO   Simplification           (parallel_processing.hpp   : 170)   Bulge remover triggered 0 times
  0:00:04.242    17M / 403M  INFO   Simplification           (parallel_processing.hpp   : 167)   Running Low coverage edge remover
  0:00:04.245    17M / 403M  INFO   Simplification           (parallel_processing.hpp   : 170)   Low coverage edge remover triggered 476 times
  0:00:04.245    17M / 403M  INFO    General                 (simplification.cpp        : 373)   PROCEDURE == Simplification cycle, iteration 4
  0:00:04.245    17M / 403M  INFO   Simplification           (parallel_processing.hpp   : 167)   Running Tip clipper
  0:00:04.245    17M / 403M  INFO   Simplification           (parallel_processing.hpp   : 170)   Tip clipper triggered 127 times
  0:00:04.245    17M / 403M  INFO   Simplification           (parallel_processing.hpp   : 167)   Running Bulge remover
  0:00:04.251    17M / 403M  INFO   Simplification           (parallel_processing.hpp   : 170)   Bulge remover triggered 140 times
  0:00:04.251    17M / 403M  INFO   Simplification           (parallel_processing.hpp   : 167)   Running Low coverage edge remover
  0:00:04.251    17M / 403M  INFO   Simplification           (parallel_processing.hpp   : 170)   Low coverage edge remover triggered 59 times
  0:00:04.251    17M / 403M  INFO    General                 (simplification.cpp        : 373)   PROCEDURE == Simplification cycle, iteration 5
  0:00:04.251    17M / 403M  INFO   Simplification           (parallel_processing.hpp   : 167)   Running Tip clipper
  0:00:04.251    17M / 403M  INFO   Simplification           (parallel_processing.hpp   : 170)   Tip clipper triggered 8 times
  0:00:04.251    17M / 403M  INFO   Simplification           (parallel_processing.hpp   : 167)   Running Bulge remover
  0:00:04.252    17M / 403M  INFO   Simplification           (parallel_processing.hpp   : 170)   Bulge remover triggered 14 times
  0:00:04.252    17M / 403M  INFO   Simplification           (parallel_processing.hpp   : 167)   Running Low coverage edge remover
  0:00:04.252    17M / 403M  INFO   Simplification           (parallel_processing.hpp   : 170)   Low coverage edge remover triggered 88 times
  0:00:04.252    17M / 403M  INFO    General                 (simplification.cpp        : 373)   PROCEDURE == Simplification cycle, iteration 6
  0:00:04.252    17M / 403M  INFO   Simplification           (parallel_processing.hpp   : 167)   Running Tip clipper
  0:00:04.252    17M / 403M  INFO   Simplification           (parallel_processing.hpp   : 170)   Tip clipper triggered 10 times
  0:00:04.252    17M / 403M  INFO   Simplification           (parallel_processing.hpp   : 167)   Running Bulge remover
  0:00:04.254    17M / 403M  INFO   Simplification           (parallel_processing.hpp   : 170)   Bulge remover triggered 28 times
  0:00:04.254    17M / 403M  INFO   Simplification           (parallel_processing.hpp   : 167)   Running Low coverage edge remover
  0:00:04.254    17M / 403M  INFO   Simplification           (parallel_processing.hpp   : 170)   Low coverage edge remover triggered 27 times
  0:00:04.254    17M / 403M  INFO    General                 (simplification.cpp        : 373)   PROCEDURE == Simplification cycle, iteration 7
  0:00:04.254    17M / 403M  INFO   Simplification           (parallel_processing.hpp   : 167)   Running Tip clipper
  0:00:04.254    17M / 403M  INFO   Simplification           (parallel_processing.hpp   : 170)   Tip clipper triggered 1 times
  0:00:04.254    17M / 403M  INFO   Simplification           (parallel_processing.hpp   : 167)   Running Bulge remover
  0:00:04.254    17M / 403M  INFO   Simplification           (parallel_processing.hpp   : 170)   Bulge remover triggered 7 times
  0:00:04.254    17M / 403M  INFO   Simplification           (parallel_processing.hpp   : 167)   Running Low coverage edge remover
  0:00:04.254    17M / 403M  INFO   Simplification           (parallel_processing.hpp   : 170)   Low coverage edge remover triggered 29 times
  0:00:04.254    17M / 403M  INFO    General                 (simplification.cpp        : 373)   PROCEDURE == Simplification cycle, iteration 8
  0:00:04.254    17M / 403M  INFO   Simplification           (parallel_processing.hpp   : 167)   Running Tip clipper
  0:00:04.254    17M / 403M  INFO   Simplification           (parallel_processing.hpp   : 170)   Tip clipper triggered 2 times
  0:00:04.254    17M / 403M  INFO   Simplification           (parallel_processing.hpp   : 167)   Running Bulge remover
  0:00:04.255    17M / 403M  INFO   Simplification           (parallel_processing.hpp   : 170)   Bulge remover triggered 16 times
  0:00:04.255    17M / 403M  INFO   Simplification           (parallel_processing.hpp   : 167)   Running Low coverage edge remover
  0:00:04.255    17M / 403M  INFO   Simplification           (parallel_processing.hpp   : 170)   Low coverage edge remover triggered 34 times
  0:00:04.255    17M / 403M  INFO    General                 (simplification.cpp        : 373)   PROCEDURE == Simplification cycle, iteration 9
  0:00:04.255    17M / 403M  INFO   Simplification           (parallel_processing.hpp   : 167)   Running Tip clipper
  0:00:04.255    17M / 403M  INFO   Simplification           (parallel_processing.hpp   : 170)   Tip clipper triggered 2 times
  0:00:04.255    17M / 403M  INFO   Simplification           (parallel_processing.hpp   : 167)   Running Bulge remover
  0:00:04.256    17M / 403M  INFO   Simplification           (parallel_processing.hpp   : 170)   Bulge remover triggered 23 times
  0:00:04.256    17M / 403M  INFO   Simplification           (parallel_processing.hpp   : 167)   Running Low coverage edge remover
  0:00:04.256    17M / 403M  INFO   Simplification           (parallel_processing.hpp   : 170)   Low coverage edge remover triggered 9 times
  0:00:04.256    17M / 403M  INFO    General                 (simplification.cpp        : 373)   PROCEDURE == Simplification cycle, iteration 10
  0:00:04.256    17M / 403M  INFO   Simplification           (parallel_processing.hpp   : 167)   Running Tip clipper
  0:00:04.256    17M / 403M  INFO   Simplification           (parallel_processing.hpp   : 170)   Tip clipper triggered 2 times
  0:00:04.256    17M / 403M  INFO   Simplification           (parallel_processing.hpp   : 167)   Running Bulge remover
  0:00:04.257    17M / 403M  INFO   Simplification           (parallel_processing.hpp   : 170)   Bulge remover triggered 3 times
  0:00:04.257    17M / 403M  INFO   Simplification           (parallel_processing.hpp   : 167)   Running Low coverage edge remover
  0:00:04.257    17M / 403M  INFO   Simplification           (parallel_processing.hpp   : 170)   Low coverage edge remover triggered 18 times
  0:00:04.257    17M / 403M  INFO    General                 (simplification.cpp        : 373)   PROCEDURE == Simplification cycle, iteration 11
  0:00:04.257    17M / 403M  INFO   Simplification           (parallel_processing.hpp   : 167)   Running Tip clipper
  0:00:04.263    17M / 403M  INFO   Simplification           (parallel_processing.hpp   : 170)   Tip clipper triggered 0 times
  0:00:04.263    17M / 403M  INFO   Simplification           (parallel_processing.hpp   : 167)   Running Bulge remover
  0:00:04.267    17M / 403M  INFO   Simplification           (parallel_processing.hpp   : 170)   Bulge remover triggered 19 times
  0:00:04.267    17M / 403M  INFO   Simplification           (parallel_processing.hpp   : 167)   Running Low coverage edge remover
  0:00:04.270    17M / 403M  INFO   Simplification           (parallel_processing.hpp   : 170)   Low coverage edge remover triggered 0 times
  0:00:04.270    17M / 403M  INFO    General                 (simplification.cpp        : 373)   PROCEDURE == Simplification cycle, iteration 12
  0:00:04.270    17M / 403M  INFO   Simplification           (parallel_processing.hpp   : 167)   Running Tip clipper
  0:00:04.270    17M / 403M  INFO   Simplification           (parallel_processing.hpp   : 170)   Tip clipper triggered 0 times
  0:00:04.270    17M / 403M  INFO   Simplification           (parallel_processing.hpp   : 167)   Running Bulge remover
  0:00:04.270    17M / 403M  INFO   Simplification           (parallel_processing.hpp   : 170)   Bulge remover triggered 0 times
  0:00:04.270    17M / 403M  INFO   Simplification           (parallel_processing.hpp   : 167)   Running Low coverage edge remover
  0:00:04.270    17M / 403M  INFO   Simplification           (parallel_processing.hpp   : 170)   Low coverage edge remover triggered 0 times
  0:00:04.272    17M / 403M  INFO   StageManager             (stage.cpp                 : 185)   STAGE == Simplification Cleanup (id: simplification_cleanup)
  0:00:04.272    17M / 403M  INFO    General                 (simplification.cpp        : 176)   PROCEDURE == Post simplification
  0:00:04.272    17M / 403M  INFO    General                 (graph_simplification.hpp  : 448)   Disconnection of relatively low covered edges disabled
  0:00:04.272    17M / 403M  INFO    General                 (graph_simplification.hpp  : 485)   Complex tip clipping disabled
  0:00:04.272    17M / 403M  INFO    General                 (graph_simplification.hpp  : 634)   Creating parallel br instance
  0:00:04.272    17M / 403M  INFO   Simplification           (parallel_processing.hpp   : 167)   Running Tip clipper
  0:00:04.276    17M / 403M  INFO   Simplification           (parallel_processing.hpp   : 170)   Tip clipper triggered 0 times
  0:00:04.276    17M / 403M  INFO   Simplification           (parallel_processing.hpp   : 167)   Running Bulge remover
  0:00:04.280    17M / 403M  INFO   Simplification           (parallel_processing.hpp   : 170)   Bulge remover triggered 0 times
  0:00:04.280    17M / 403M  INFO   Simplification           (parallel_processing.hpp   : 167)   Running Tip clipper
  0:00:04.283    17M / 403M  INFO   Simplification           (parallel_processing.hpp   : 170)   Tip clipper triggered 0 times
  0:00:04.283    17M / 403M  INFO   Simplification           (parallel_processing.hpp   : 167)   Running Bulge remover
  0:00:04.287    17M / 403M  INFO   Simplification           (parallel_processing.hpp   : 170)   Bulge remover triggered 0 times
  0:00:04.287    17M / 403M  INFO    General                 (simplification.cpp        : 327)   Disrupting self-conjugate edges
  0:00:04.297    17M / 403M  INFO   Simplification           (parallel_processing.hpp   : 167)   Running Removing isolated edges
  0:00:04.346    16M / 403M  INFO   Simplification           (parallel_processing.hpp   : 170)   Removing isolated edges triggered 45422 times
  0:00:04.347    15M / 403M  INFO    General                 (simplification.cpp        : 495)   After simplification:
  0:00:04.347    15M / 403M  INFO    General                 (simplification.cpp        : 496)     Average coverage = 4.513
  0:00:04.347    15M / 403M  INFO    General                 (simplification.cpp        : 497)     Total length = 270780
  0:00:04.347    15M / 403M  INFO    General                 (simplification.cpp        : 498)     Median edge length: 358
  0:00:04.347    15M / 403M  INFO    General                 (simplification.cpp        : 499)     Edges: 2544
  0:00:04.347    15M / 403M  INFO    General                 (simplification.cpp        : 500)     Vertices: 3758
  0:00:04.347    15M / 403M  INFO   StageManager             (stage.cpp                 : 185)   STAGE == Contig Output (id: contig_output)
  0:00:04.348    15M / 403M  INFO    General                 (read_converter.cpp        : 107)   Outputting contigs to /gpfs01/home/jc428818/Placement/uce-tutorial/assemblies/mus/K33/simplified_contigs
  0:00:04.356    18M / 403M  INFO    General                 (binary_converter.cpp      : 111)   1272 reads written
  0:00:04.361    15M / 403M  INFO    General                 (pipeline.cpp              : 287)   SPAdes finished
  0:00:04.362     1M / 403M  INFO    General                 (main.cpp                  : 136)   Assembling time: 0 hours 0 minutes 4 seconds

===== K33 finished. 


===== K55 started. 


== Running: /usr/libexec/spades/spades-core /gpfs01/home/jc428818/Placement/uce-tutorial/assemblies/mus/K55/configs/config.info

  0:00:00.000     1M / 29M   INFO    General                 (main.cpp                  :  99)   Loaded config from /gpfs01/home/jc428818/Placement/uce-tutorial/assemblies/mus/K55/configs/config.info
  0:00:00.000     1M / 29M   INFO    General                 (memory_limit.cpp          :  54)   Memory limit set to 250 Gb
  0:00:00.000     1M / 29M   INFO    General                 (main.cpp                  : 107)   Starting SPAdes, built from N/A, git revision N/A
  0:00:00.000     1M / 29M   INFO    General                 (main.cpp                  : 108)   Maximum k-mer length: 128
  0:00:00.000     1M / 29M   INFO    General                 (main.cpp                  : 109)   Assembling dataset (/gpfs01/home/jc428818/Placement/uce-tutorial/assemblies/mus/dataset.info) with K=55
  0:00:00.000     1M / 29M   INFO    General                 (main.cpp                  : 110)   Maximum # of threads to use (adjusted due to OMP capabilities): 4
  0:00:00.000     1M / 29M   INFO    General                 (pipeline.cpp              : 212)   SPAdes started
  0:00:00.000     1M / 29M   INFO    General                 (pipeline.cpp              : 225)   Starting from stage: read_conversion
  0:00:00.000     1M / 29M   INFO    General                 (pipeline.cpp              : 231)   Two-step repeat resolution disabled
  0:00:00.000     1M / 29M   INFO   GraphCore                (graph_core.hpp            : 672)   Graph created, vertex min_id: 3, edge min_id: 3
  0:00:00.000     1M / 29M   INFO   GraphCore                (graph_core.hpp            : 673)   Vertex size: 48, edge size: 40
  0:00:00.000     1M / 29M   INFO    General                 (edge_index.hpp            : 113)   Size of edge index entries: 12/8
  0:00:00.000     1M / 29M   INFO    General                 (pipeline.cpp              : 242)   Will need read mapping, kmer mapper will be attached
  0:00:00.000     1M / 29M   INFO   StageManager             (stage.cpp                 : 185)   STAGE == Binary Read Conversion (id: read_conversion)
  0:00:00.001     1M / 29M   INFO    General                 (read_converter.cpp        :  53)   Binary reads detected
  0:00:00.001     1M / 29M   INFO   StageManager             (stage.cpp                 : 185)   STAGE == de Bruijn graph construction (id: construction)
  0:00:00.001     1M / 29M   INFO    General                 (construction.cpp          : 118)   Contigs from previous K will be used: /gpfs01/home/jc428818/Placement/uce-tutorial/assemblies/mus/K33/simplified_contigs
  0:00:00.004     1M / 29M   INFO    General                 (construction.cpp          : 153)   Max read length 100
  0:00:00.004     1M / 29M   INFO    General                 (construction.cpp          : 159)   Average read length 97.1855
  0:00:00.004     1M / 29M   INFO    General                 (stage.cpp                 : 117)   PROCEDURE == k+1-mer counting (id: construction:kpomer_counting)
  0:00:00.004     1M / 29M   INFO    General                 (kmer_index_builder.hpp    : 243)   Splitting kmer instances into 40 files using 4 threads. This might take a while.
  0:00:00.004     1M / 29M   INFO    General                 (file_limit.hpp            :  42)   Open file limit set to 16384
  0:00:00.004     1M / 29M   INFO    General                 (kmer_splitter.hpp         :  93)   Memory available for splitting buffers: 20.8333 Gb
  0:00:00.004     1M / 29M   INFO    General                 (kmer_splitter.hpp         : 101)   Using cell size of 838860
  0:00:00.265  2401M / 2401M INFO    General                 (kmer_splitters.hpp        : 125)   Processed 153556 reads
  0:00:00.265     1M / 338M  INFO    General                 (kmer_splitters.hpp        : 131)   Used 153556 reads
  0:00:00.266     1M / 338M  INFO    General                 (kmer_index_builder.hpp    : 249)   Starting k-mer counting.
  0:00:00.304     1M / 338M  INFO    General                 (kmer_index_builder.hpp    : 260)   K-mer counting done. There are 2489828 kmers in total.
  0:00:00.304     1M / 338M  INFO    General                 (stage.cpp                 : 117)   PROCEDURE == Extension index construction (id: construction:extension_index_construction)
  0:00:00.306     1M / 338M  INFO   K-mer Index Building     (kmer_index_builder.hpp    : 438)   Building kmer index
  0:00:00.306     1M / 338M  INFO    General                 (kmer_index_builder.hpp    : 243)   Splitting kmer instances into 40 files using 4 threads. This might take a while.
  0:00:00.306     1M / 338M  INFO    General                 (file_limit.hpp            :  42)   Open file limit set to 16384
  0:00:00.306     1M / 338M  INFO    General                 (kmer_splitter.hpp         :  93)   Memory available for splitting buffers: 20.8333 Gb
  0:00:00.306     1M / 338M  INFO    General                 (kmer_splitter.hpp         : 101)   Using cell size of 838860
  0:00:00.657  2401M / 2401M INFO    General                 (kmer_splitters.hpp        : 194)   Processed 2489828 kmers
  0:00:00.657  2401M / 2401M INFO    General                 (kmer_splitters.hpp        : 199)   Used 2489828 kmers.
  0:00:00.657     1M / 380M  INFO    General                 (kmer_index_builder.hpp    : 249)   Starting k-mer counting.
  0:00:00.696     1M / 380M  INFO    General                 (kmer_index_builder.hpp    : 260)   K-mer counting done. There are 2539447 kmers in total.
  0:00:00.696     1M / 380M  INFO   K-mer Index Building     (kmer_index_builder.hpp    : 395)   Building perfect hash indices
  0:00:00.775     3M / 380M  INFO   K-mer Index Building     (kmer_index_builder.hpp    : 431)   Index built. Total 2539447 kmers, 1864472 bytes occupied (5.87363 bits per kmer).
  0:00:00.775     3M / 380M  INFO    General                 (kmer_index_builder.hpp    : 169)   Merging final buckets.
  0:00:00.814     5M / 380M  INFO   DeBruijnExtensionIndexBu (kmer_extension_index_build: 100)   Building k-mer extensions from k+1-mers
  0:00:01.076     5M / 380M  INFO   DeBruijnExtensionIndexBu (kmer_extension_index_build: 105)   Building k-mer extensions from k+1-mers finished.
  0:00:01.078     5M / 380M  INFO    General                 (stage.cpp                 : 117)   PROCEDURE == Condensing graph (id: construction:graph_condensing)
  0:00:01.080     5M / 380M  INFO   UnbranchingPathExtractor (debruijn_graph_constructor: 354)   Extracting unbranching paths
  0:00:01.328     9M / 380M  INFO   UnbranchingPathExtractor (debruijn_graph_constructor: 373)   Extracting unbranching paths finished. 62759 sequences extracted
  0:00:01.512     9M / 380M  INFO   UnbranchingPathExtractor (debruijn_graph_constructor: 309)   Collecting perfect loops
  0:00:01.572     9M / 380M  INFO   UnbranchingPathExtractor (debruijn_graph_constructor: 342)   Collecting perfect loops finished. 7 loops collected
  0:00:01.578     9M / 380M  INFO    General                 (debruijn_graph_constructor: 487)   Total 125532 edges to create
  0:00:01.578    14M / 380M  INFO    General                 (debruijn_graph_constructor: 489)   Collecting link records
  0:00:01.614    16M / 380M  INFO    General                 (debruijn_graph_constructor: 491)   Ordering link records
  0:00:01.617    16M / 380M  INFO    General                 (debruijn_graph_constructor: 493)   Sorting done
  0:00:01.618    17M / 380M  INFO    General                 (debruijn_graph_constructor: 503)   Total 112385 vertices to create
  0:00:01.618    28M / 380M  INFO    General                 (debruijn_graph_constructor: 506)   Connecting the graph
  0:00:01.717    24M / 380M  INFO    General                 (stage.cpp                 : 117)   PROCEDURE == Filling coverage indices (PHM) (id: construction:coverage_filling_phm)
  0:00:01.717    24M / 380M  INFO   K-mer Index Building     (kmer_index_builder.hpp    : 395)   Building perfect hash indices
  0:00:01.786    26M / 380M  INFO   K-mer Index Building     (kmer_index_builder.hpp    : 431)   Index built. Total 2489828 kmers, 1828728 bytes occupied (5.87584 bits per kmer).
  0:00:01.788    36M / 380M  INFO    General                 (coverage_hash_map_builder.:  47)   Collecting k-mer coverage information from reads, this takes a while.
  0:00:01.986    36M / 380M  INFO    General                 (construction.cpp          : 430)   Filling coverage and flanking coverage from PHM
  0:00:02.180    36M / 380M  INFO    General                 (coverage_filling.hpp      :  82)   Processed 125532 edges
  0:00:02.195    19M / 380M  INFO   StageManager             (stage.cpp                 : 185)   STAGE == EC Threshold Finding (id: ec_threshold_finder)
  0:00:02.196    19M / 380M  INFO    General                 (kmer_coverage_model.cpp   : 181)   Kmer coverage valley at: 26
  0:00:02.196    19M / 380M  INFO    General                 (kmer_coverage_model.cpp   : 201)   K-mer histogram maximum: 28
  0:00:02.196    19M / 380M  INFO    General                 (kmer_coverage_model.cpp   : 237)   Estimated median coverage: 29. Coverage mad: 2.9652
  0:00:02.196    19M / 380M  INFO    General                 (kmer_coverage_model.cpp   : 259)   Fitting coverage model
  0:00:02.208    19M / 380M  INFO    General                 (kmer_coverage_model.cpp   : 295)   ... iteration 2
  0:00:02.221    19M / 380M  INFO    General                 (kmer_coverage_model.cpp   : 309)   Fitted mean coverage: 2.66978. Fitted coverage std. dev: 0.371798
  0:00:02.222    19M / 380M  WARN    General                 (kmer_coverage_model.cpp   : 327)   Valley value was estimated improperly, reset to 2
  0:00:02.222    19M / 380M  INFO    General                 (kmer_coverage_model.cpp   : 334)   Probability of erroneous kmer at valley: 1
  0:00:02.222    19M / 380M  WARN    General                 (kmer_coverage_model.cpp   : 366)   Failed to determine erroneous kmer threshold. Threshold set to: 2
  0:00:02.222    19M / 380M  INFO    General                 (kmer_coverage_model.cpp   : 375)   Estimated genome size (ignoring repeats): 348015
  0:00:02.222    19M / 380M  INFO    General                 (genomic_info_filler.cpp   :  57)   Failed to estimate mean coverage
  0:00:02.222    19M / 380M  INFO    General                 (genomic_info_filler.cpp   :  70)   EC coverage threshold value was calculated as 2
  0:00:02.222    19M / 380M  INFO    General                 (genomic_info_filler.cpp   :  71)   Trusted kmer low bound: 0
  0:00:02.222    19M / 380M  INFO   StageManager             (stage.cpp                 : 185)   STAGE == Gap Closer (id: early_gapcloser)
  0:00:02.225    28M / 380M  INFO    General                 (edge_index.hpp            : 113)   Size of edge index entries: 12/8
  0:00:02.247    31M / 380M  INFO    General                 (gap_closer.cpp            : 101)   Total edges in tip neighborhood: 109629 out of 125532, length: 4678790
  0:00:02.253    32M / 380M  INFO    General                 (edge_index.hpp            : 167)   Using small index (max_id = 126162)
  0:00:02.287    32M / 380M  INFO   K-mer Index Building     (kmer_index_builder.hpp    : 395)   Building perfect hash indices
  0:00:02.573    34M / 380M  INFO   K-mer Index Building     (kmer_index_builder.hpp    : 431)   Index built. Total 2436576 kmers, 1760576 bytes occupied (5.78049 bits per kmer).
  0:00:02.578    53M / 380M  INFO    General                 (edge_index_builders.hpp   : 265)   Collecting edge information from graph, this takes a while.
  0:00:02.769    54M / 380M  INFO    General                 (sequence_mapper_notifier.h:  95)   Total 35859 reads processed
  0:00:02.802    33M / 380M  INFO    General                 (gap_closer.cpp            : 452)   Initializing gap closer
  0:00:02.802    33M / 380M  INFO   GapCloser                (gap_closer.cpp            : 359)   Closing short gaps
  0:00:02.877    33M / 380M  INFO   GapCloser                (gap_closer.cpp            : 391)   Closing short gaps complete: filled 84 gaps after checking 4787 candidates
  0:00:02.880    33M / 380M  INFO    General                 (gap_closer.cpp            : 456)   Gap closer done
  0:00:02.884    19M / 380M  INFO   StageManager             (stage.cpp                 : 185)   STAGE == Raw Simplification (id: raw_simplification)
  0:00:02.884    19M / 380M  INFO    General                 (simplification.cpp        : 127)   PROCEDURE == Initial cleaning
  0:00:02.884    19M / 380M  INFO    General                 (simplification.cpp        :  66)   Most init cleaning disabled since detected mean 0 was less than activation coverage 10
  0:00:02.884    19M / 380M  INFO   Simplification           (parallel_processing.hpp   : 167)   Running Self conjugate edge remover
  0:00:02.889    19M / 380M  INFO   Simplification           (parallel_processing.hpp   : 170)   Self conjugate edge remover triggered 0 times
  0:00:02.889    19M / 380M  INFO   StageManager             (stage.cpp                 : 185)   STAGE == Simplification (id: simplification)
  0:00:02.889    19M / 380M  INFO    General                 (simplification.cpp        : 368)   Graph simplification started
  0:00:02.889    19M / 380M  INFO    General                 (graph_simplification.hpp  : 634)   Creating parallel br instance
  0:00:02.889    19M / 380M  INFO    General                 (simplification.cpp        : 373)   PROCEDURE == Simplification cycle, iteration 1
  0:00:02.889    19M / 380M  INFO   Simplification           (parallel_processing.hpp   : 167)   Running Tip clipper
  0:00:02.923    19M / 380M  INFO   Simplification           (parallel_processing.hpp   : 170)   Tip clipper triggered 5986 times
  0:00:02.924    19M / 380M  INFO   Simplification           (parallel_processing.hpp   : 167)   Running Bulge remover
  0:00:02.937    19M / 380M  INFO   Simplification           (parallel_processing.hpp   : 170)   Bulge remover triggered 89 times
  0:00:02.937    19M / 380M  INFO   Simplification           (parallel_processing.hpp   : 167)   Running Low coverage edge remover
  0:00:02.942    19M / 380M  INFO   Simplification           (parallel_processing.hpp   : 170)   Low coverage edge remover triggered 2 times
  0:00:02.942    19M / 380M  INFO    General                 (simplification.cpp        : 373)   PROCEDURE == Simplification cycle, iteration 2
  0:00:02.942    19M / 380M  INFO   Simplification           (parallel_processing.hpp   : 167)   Running Tip clipper
  0:00:02.942    19M / 380M  INFO   Simplification           (parallel_processing.hpp   : 170)   Tip clipper triggered 3 times
  0:00:02.942    19M / 380M  INFO   Simplification           (parallel_processing.hpp   : 167)   Running Bulge remover
  0:00:02.942    19M / 380M  INFO   Simplification           (parallel_processing.hpp   : 170)   Bulge remover triggered 1 times
  0:00:02.942    19M / 380M  INFO   Simplification           (parallel_processing.hpp   : 167)   Running Low coverage edge remover
  0:00:02.942    19M / 380M  INFO   Simplification           (parallel_processing.hpp   : 170)   Low coverage edge remover triggered 2 times
  0:00:02.942    19M / 380M  INFO    General                 (simplification.cpp        : 373)   PROCEDURE == Simplification cycle, iteration 3
  0:00:02.942    19M / 380M  INFO   Simplification           (parallel_processing.hpp   : 167)   Running Tip clipper
  0:00:02.942    19M / 380M  INFO   Simplification           (parallel_processing.hpp   : 170)   Tip clipper triggered 0 times
  0:00:02.942    19M / 380M  INFO   Simplification           (parallel_processing.hpp   : 167)   Running Bulge remover
  0:00:02.943    19M / 380M  INFO   Simplification           (parallel_processing.hpp   : 170)   Bulge remover triggered 2 times
  0:00:02.943    19M / 380M  INFO   Simplification           (parallel_processing.hpp   : 167)   Running Low coverage edge remover
  0:00:02.943    19M / 380M  INFO   Simplification           (parallel_processing.hpp   : 170)   Low coverage edge remover triggered 0 times
  0:00:02.943    19M / 380M  INFO    General                 (simplification.cpp        : 373)   PROCEDURE == Simplification cycle, iteration 4
  0:00:02.943    19M / 380M  INFO   Simplification           (parallel_processing.hpp   : 167)   Running Tip clipper
  0:00:02.943    19M / 380M  INFO   Simplification           (parallel_processing.hpp   : 170)   Tip clipper triggered 0 times
  0:00:02.943    19M / 380M  INFO   Simplification           (parallel_processing.hpp   : 167)   Running Bulge remover
  0:00:02.943    19M / 380M  INFO   Simplification           (parallel_processing.hpp   : 170)   Bulge remover triggered 0 times
  0:00:02.943    19M / 380M  INFO   Simplification           (parallel_processing.hpp   : 167)   Running Low coverage edge remover
  0:00:02.943    19M / 380M  INFO   Simplification           (parallel_processing.hpp   : 170)   Low coverage edge remover triggered 0 times
  0:00:02.943    19M / 380M  INFO    General                 (simplification.cpp        : 373)   PROCEDURE == Simplification cycle, iteration 5
  0:00:02.943    19M / 380M  INFO   Simplification           (parallel_processing.hpp   : 167)   Running Tip clipper
  0:00:02.943    19M / 380M  INFO   Simplification           (parallel_processing.hpp   : 170)   Tip clipper triggered 0 times
  0:00:02.943    19M / 380M  INFO   Simplification           (parallel_processing.hpp   : 167)   Running Bulge remover
  0:00:02.943    19M / 380M  INFO   Simplification           (parallel_processing.hpp   : 170)   Bulge remover triggered 0 times
  0:00:02.943    19M / 380M  INFO   Simplification           (parallel_processing.hpp   : 167)   Running Low coverage edge remover
  0:00:02.943    19M / 380M  INFO   Simplification           (parallel_processing.hpp   : 170)   Low coverage edge remover triggered 118 times
  0:00:02.943    19M / 380M  INFO    General                 (simplification.cpp        : 373)   PROCEDURE == Simplification cycle, iteration 6
  0:00:02.943    19M / 380M  INFO   Simplification           (parallel_processing.hpp   : 167)   Running Tip clipper
  0:00:02.944    19M / 380M  INFO   Simplification           (parallel_processing.hpp   : 170)   Tip clipper triggered 53 times
  0:00:02.944    19M / 380M  INFO   Simplification           (parallel_processing.hpp   : 167)   Running Bulge remover
  0:00:02.947    20M / 380M  INFO   Simplification           (parallel_processing.hpp   : 170)   Bulge remover triggered 26 times
  0:00:02.947    20M / 380M  INFO   Simplification           (parallel_processing.hpp   : 167)   Running Low coverage edge remover
  0:00:02.947    20M / 380M  INFO   Simplification           (parallel_processing.hpp   : 170)   Low coverage edge remover triggered 11 times
  0:00:02.947    20M / 380M  INFO    General                 (simplification.cpp        : 373)   PROCEDURE == Simplification cycle, iteration 7
  0:00:02.947    20M / 380M  INFO   Simplification           (parallel_processing.hpp   : 167)   Running Tip clipper
  0:00:02.947    20M / 380M  INFO   Simplification           (parallel_processing.hpp   : 170)   Tip clipper triggered 3 times
  0:00:02.947    20M / 380M  INFO   Simplification           (parallel_processing.hpp   : 167)   Running Bulge remover
  0:00:02.947    20M / 380M  INFO   Simplification           (parallel_processing.hpp   : 170)   Bulge remover triggered 3 times
  0:00:02.947    20M / 380M  INFO   Simplification           (parallel_processing.hpp   : 167)   Running Low coverage edge remover
  0:00:02.948    20M / 380M  INFO   Simplification           (parallel_processing.hpp   : 170)   Low coverage edge remover triggered 14 times
  0:00:02.948    20M / 380M  INFO    General                 (simplification.cpp        : 373)   PROCEDURE == Simplification cycle, iteration 8
  0:00:02.948    20M / 380M  INFO   Simplification           (parallel_processing.hpp   : 167)   Running Tip clipper
  0:00:02.948    20M / 380M  INFO   Simplification           (parallel_processing.hpp   : 170)   Tip clipper triggered 5 times
  0:00:02.948    20M / 380M  INFO   Simplification           (parallel_processing.hpp   : 167)   Running Bulge remover
  0:00:02.948    20M / 380M  INFO   Simplification           (parallel_processing.hpp   : 170)   Bulge remover triggered 3 times
  0:00:02.948    20M / 380M  INFO   Simplification           (parallel_processing.hpp   : 167)   Running Low coverage edge remover
  0:00:02.948    20M / 380M  INFO   Simplification           (parallel_processing.hpp   : 170)   Low coverage edge remover triggered 11 times
  0:00:02.948    20M / 380M  INFO    General                 (simplification.cpp        : 373)   PROCEDURE == Simplification cycle, iteration 9
  0:00:02.948    20M / 380M  INFO   Simplification           (parallel_processing.hpp   : 167)   Running Tip clipper
  0:00:02.948    20M / 380M  INFO   Simplification           (parallel_processing.hpp   : 170)   Tip clipper triggered 3 times
  0:00:02.948    20M / 380M  INFO   Simplification           (parallel_processing.hpp   : 167)   Running Bulge remover
  0:00:02.948    20M / 380M  INFO   Simplification           (parallel_processing.hpp   : 170)   Bulge remover triggered 2 times
  0:00:02.948    20M / 380M  INFO   Simplification           (parallel_processing.hpp   : 167)   Running Low coverage edge remover
  0:00:02.948    20M / 380M  INFO   Simplification           (parallel_processing.hpp   : 170)   Low coverage edge remover triggered 11 times
  0:00:02.948    20M / 380M  INFO    General                 (simplification.cpp        : 373)   PROCEDURE == Simplification cycle, iteration 10
  0:00:02.948    20M / 380M  INFO   Simplification           (parallel_processing.hpp   : 167)   Running Tip clipper
  0:00:02.948    20M / 380M  INFO   Simplification           (parallel_processing.hpp   : 170)   Tip clipper triggered 1 times
  0:00:02.948    20M / 380M  INFO   Simplification           (parallel_processing.hpp   : 167)   Running Bulge remover
  0:00:02.952    20M / 380M  INFO   Simplification           (parallel_processing.hpp   : 170)   Bulge remover triggered 9 times
  0:00:02.952    20M / 380M  INFO   Simplification           (parallel_processing.hpp   : 167)   Running Low coverage edge remover
  0:00:02.952    20M / 380M  INFO   Simplification           (parallel_processing.hpp   : 170)   Low coverage edge remover triggered 18 times
  0:00:02.952    20M / 380M  INFO    General                 (simplification.cpp        : 373)   PROCEDURE == Simplification cycle, iteration 11
  0:00:02.952    20M / 380M  INFO   Simplification           (parallel_processing.hpp   : 167)   Running Tip clipper
  0:00:02.958    20M / 380M  INFO   Simplification           (parallel_processing.hpp   : 170)   Tip clipper triggered 6 times
  0:00:02.958    20M / 380M  INFO   Simplification           (parallel_processing.hpp   : 167)   Running Bulge remover
  0:00:02.964    20M / 380M  INFO   Simplification           (parallel_processing.hpp   : 170)   Bulge remover triggered 9 times
  0:00:02.964    20M / 380M  INFO   Simplification           (parallel_processing.hpp   : 167)   Running Low coverage edge remover
  0:00:02.968    20M / 380M  INFO   Simplification           (parallel_processing.hpp   : 170)   Low coverage edge remover triggered 0 times
  0:00:02.968    20M / 380M  INFO    General                 (simplification.cpp        : 373)   PROCEDURE == Simplification cycle, iteration 12
  0:00:02.968    20M / 380M  INFO   Simplification           (parallel_processing.hpp   : 167)   Running Tip clipper
  0:00:02.968    20M / 380M  INFO   Simplification           (parallel_processing.hpp   : 170)   Tip clipper triggered 0 times
  0:00:02.968    20M / 380M  INFO   Simplification           (parallel_processing.hpp   : 167)   Running Bulge remover
  0:00:02.968    20M / 380M  INFO   Simplification           (parallel_processing.hpp   : 170)   Bulge remover triggered 0 times
  0:00:02.968    20M / 380M  INFO   Simplification           (parallel_processing.hpp   : 167)   Running Low coverage edge remover
  0:00:02.968    20M / 380M  INFO   Simplification           (parallel_processing.hpp   : 170)   Low coverage edge remover triggered 0 times
  0:00:02.971    20M / 380M  INFO   StageManager             (stage.cpp                 : 185)   STAGE == Gap Closer (id: late_gapcloser)
  0:00:02.973    29M / 380M  INFO    General                 (edge_index.hpp            : 113)   Size of edge index entries: 12/8
  0:00:02.992    31M / 380M  INFO    General                 (gap_closer.cpp            : 101)   Total edges in tip neighborhood: 99930 out of 100490, length: 4718002
  0:00:02.996    32M / 380M  INFO    General                 (edge_index.hpp            : 167)   Using small index (max_id = 126162)
  0:00:03.026    32M / 380M  INFO   K-mer Index Building     (kmer_index_builder.hpp    : 395)   Building perfect hash indices
  0:00:03.311    34M / 380M  INFO   K-mer Index Building     (kmer_index_builder.hpp    : 431)   Index built. Total 2360460 kmers, 1705616 bytes occupied (5.78062 bits per kmer).
  0:00:03.314    53M / 380M  INFO    General                 (edge_index_builders.hpp   : 265)   Collecting edge information from graph, this takes a while.
  0:00:03.509    54M / 380M  INFO    General                 (sequence_mapper_notifier.h:  95)   Total 35859 reads processed
  0:00:03.539    33M / 380M  INFO    General                 (gap_closer.cpp            : 452)   Initializing gap closer
  0:00:03.540    33M / 380M  INFO   GapCloser                (gap_closer.cpp            : 359)   Closing short gaps
  0:00:03.599    33M / 380M  INFO   GapCloser                (gap_closer.cpp            : 391)   Closing short gaps complete: filled 38 gaps after checking 5133 candidates
  0:00:03.602    33M / 380M  INFO    General                 (gap_closer.cpp            : 456)   Gap closer done
  0:00:03.606    20M / 380M  INFO   StageManager             (stage.cpp                 : 185)   STAGE == Simplification Cleanup (id: simplification_cleanup)
  0:00:03.606    20M / 380M  INFO    General                 (simplification.cpp        : 176)   PROCEDURE == Post simplification
  0:00:03.606    20M / 380M  INFO    General                 (graph_simplification.hpp  : 448)   Disconnection of relatively low covered edges disabled
  0:00:03.606    20M / 380M  INFO    General                 (graph_simplification.hpp  : 485)   Complex tip clipping disabled
  0:00:03.606    20M / 380M  INFO    General                 (graph_simplification.hpp  : 634)   Creating parallel br instance
  0:00:03.606    20M / 380M  INFO   Simplification           (parallel_processing.hpp   : 167)   Running Tip clipper
  0:00:03.613    20M / 380M  INFO   Simplification           (parallel_processing.hpp   : 170)   Tip clipper triggered 0 times
  0:00:03.613    20M / 380M  INFO   Simplification           (parallel_processing.hpp   : 167)   Running Bulge remover
  0:00:03.617    20M / 380M  INFO   Simplification           (parallel_processing.hpp   : 170)   Bulge remover triggered 0 times
  0:00:03.617    20M / 380M  INFO   Simplification           (parallel_processing.hpp   : 167)   Running Tip clipper
  0:00:03.622    20M / 380M  INFO   Simplification           (parallel_processing.hpp   : 170)   Tip clipper triggered 0 times
  0:00:03.622    20M / 380M  INFO   Simplification           (parallel_processing.hpp   : 167)   Running Bulge remover
  0:00:03.625    20M / 380M  INFO   Simplification           (parallel_processing.hpp   : 170)   Bulge remover triggered 0 times
  0:00:03.625    20M / 380M  INFO    General                 (simplification.cpp        : 327)   Disrupting self-conjugate edges
  0:00:03.638    20M / 380M  INFO   Simplification           (parallel_processing.hpp   : 167)   Running Removing isolated edges
  0:00:03.693    18M / 380M  INFO   Simplification           (parallel_processing.hpp   : 170)   Removing isolated edges triggered 49310 times
  0:00:03.694    18M / 380M  INFO    General                 (simplification.cpp        : 495)   After simplification:
  0:00:03.694    18M / 380M  INFO    General                 (simplification.cpp        : 496)     Average coverage = 2.88309
  0:00:03.694    18M / 380M  INFO    General                 (simplification.cpp        : 497)     Total length = 242036
  0:00:03.694    18M / 380M  INFO    General                 (simplification.cpp        : 498)     Median edge length: 557
  0:00:03.694    18M / 380M  INFO    General                 (simplification.cpp        : 499)     Edges: 1794
  0:00:03.694    18M / 380M  INFO    General                 (simplification.cpp        : 500)     Vertices: 2830
  0:00:03.694    18M / 380M  INFO   StageManager             (stage.cpp                 : 185)   STAGE == Mismatch Correction (id: mismatch_correction)
  0:00:03.694    18M / 380M  INFO    General                 (graph_pack.cpp            :  67)   Index refill
  0:00:03.694    18M / 380M  INFO    General                 (edge_index.hpp            : 156)   Using small index (max_id = 126162)
  0:00:03.702    18M / 380M  INFO   K-mer Index Building     (kmer_index_builder.hpp    : 395)   Building perfect hash indices
  0:00:03.729    18M / 380M  INFO   K-mer Index Building     (kmer_index_builder.hpp    : 431)   Index built. Total 242036 kmers, 175652 bytes occupied (5.80581 bits per kmer).
  0:00:03.729    20M / 380M  INFO    General                 (edge_index_builders.hpp   : 252)   Collecting edge information from graph, this takes a while.
  0:00:03.741    20M / 380M  INFO    General                 (graph_pack.cpp            :  77)   Normalizing k-mer map. Total 17996 kmers to process
  0:00:03.744    20M / 380M  INFO    General                 (graph_pack.cpp            :  79)   Normalizing done
  0:00:03.744    20M / 380M  INFO    General                 (mismatch_correction.cpp   : 400)   Collect potential mismatches
  0:00:03.749    20M / 380M  INFO    General                 (mismatch_correction.cpp   : 192)   Total 242 edges (out of 1794) with 2420 potential mismatch positions (10 positions per edge)
  0:00:03.749    20M / 380M  INFO    General                 (mismatch_correction.cpp   : 402)   Potential mismatches collected
  0:00:04.024    20M / 380M  INFO    General                 (sequence_mapper_notifier.h:  95)   Total 151012 reads processed
  0:00:04.026    20M / 380M  INFO    General                 (mismatch_correction.cpp   : 395)   All edges processed
  0:00:04.027    20M / 380M  INFO    General                 (mismatch_correction.cpp   : 450)   Corrected 1 nucleotides
  0:00:04.027    20M / 380M  INFO   StageManager             (stage.cpp                 : 185)   STAGE == Contig Output (id: contig_output)
  0:00:04.027    20M / 380M  INFO    General                 (contig_output.hpp         :  16)   Outputting contigs to /gpfs01/home/jc428818/Placement/uce-tutorial/assemblies/mus/K55/before_rr.fasta
  0:00:04.038    20M / 380M  INFO    General                 (contig_output_stage.cpp   : 151)   Writing GFA graph to /gpfs01/home/jc428818/Placement/uce-tutorial/assemblies/mus/K55/assembly_graph_after_simplification.gfa
  0:00:04.042    20M / 380M  INFO   StageManager             (stage.cpp                 : 185)   STAGE == Paired Information Counting (id: late_pair_info_count)
  0:00:04.044    20M / 380M  INFO    General                 (graph_pack.cpp            :  77)   Normalizing k-mer map. Total 18070 kmers to process
  0:00:04.047    20M / 380M  INFO    General                 (graph_pack.cpp            :  79)   Normalizing done
  0:00:04.047    20M / 380M  INFO    General                 (pair_info_count.cpp       : 339)   Min edge length for estimation: 557
  0:00:04.047    20M / 380M  INFO    General                 (pair_info_count.cpp       : 350)   Estimating insert size for library #0
  0:00:04.047    20M / 380M  INFO    General                 (pair_info_count.cpp       : 202)   Estimating insert size (takes a while)
  0:00:04.064   100M / 380M  INFO    General                 (pair_info_count.cpp       :  48)   Selecting usual mapper
  0:00:04.267   100M / 380M  INFO    General                 (sequence_mapper_notifier.h:  95)   Total 35859 reads processed
  0:00:04.322   100M / 380M  INFO    General                 (pair_info_count.cpp       : 220)   Edge pairs: 14580
  0:00:04.323   100M / 380M  INFO    General                 (pair_info_count.cpp       : 222)   4396 paired reads (12.2591% of all) aligned to long edges
  0:00:04.323    20M / 380M  INFO    General                 (pair_info_count.cpp       : 369)     Insert size = 447.229, deviation = 76.9222, left quantile = 348, right quantile = 525, read length = 100
  0:00:04.323    20M / 380M  INFO    General                 (pair_info_count.cpp       : 390)   Filtering data for library #0
  0:00:04.323    20M / 380M  INFO    General                 (pair_info_count.cpp       :  48)   Selecting usual mapper
  0:00:04.471    20M / 380M  INFO    General                 (sequence_mapper_notifier.h:  95)   Total 35859 reads processed
  0:00:04.471    20M / 380M  INFO    General                 (pair_info_count.cpp       : 402)   Mapping library #0
  0:00:04.471    20M / 380M  INFO    General                 (pair_info_count.cpp       : 404)   Mapping paired reads (takes a while)
  0:00:04.471    20M / 380M  INFO    General                 (pair_info_count.cpp       : 299)   Left insert size quantile 348, right insert size quantile 525, filtering threshold 2, rounding threshold 0
  0:00:04.474    29M / 380M  INFO    General                 (pair_info_count.cpp       :  48)   Selecting usual mapper
  0:00:04.618    30M / 380M  INFO    General                 (sequence_mapper_notifier.h:  95)   Total 35859 reads processed
  0:00:04.622    21M / 380M  INFO   StageManager             (stage.cpp                 : 185)   STAGE == Distance Estimation (id: distance_estimation)
  0:00:04.622    21M / 380M  INFO    General                 (distance_estimation.cpp   : 179)   Processing library #0
  0:00:04.622    21M / 380M  INFO    General                 (distance_estimation.cpp   : 150)   Weight Filter Done
  0:00:04.622    21M / 380M  INFO   DistanceEstimator        (distance_estimation.hpp   : 116)   Using SIMPLE distance estimator
  0:00:05.207    22M / 380M  INFO    General                 (distance_estimation.cpp   :  37)   Filtering info
  0:00:05.207    22M / 380M  INFO    General                 (pair_info_filters.hpp     : 242)   Start filtering; library index size: 24372
  0:00:05.212    22M / 380M  INFO    General                 (pair_info_filters.hpp     : 263)   Done filtering; library index size: 9106
  0:00:05.212    21M / 380M  INFO    General                 (distance_estimation.cpp   : 156)   Refining clustered pair information
  0:00:05.214    21M / 380M  INFO    General                 (distance_estimation.cpp   : 158)   The refining of clustered pair information has been finished
  0:00:05.214    21M / 380M  INFO    General                 (distance_estimation.cpp   : 160)   Improving paired information
  0:00:05.229    21M / 380M  INFO   PairInfoImprover         (pair_info_improver.hpp    : 104)   Paired info stats: missing = 1140; contradictional = 0
  0:00:05.246    21M / 380M  INFO   PairInfoImprover         (pair_info_improver.hpp    : 104)   Paired info stats: missing = 208; contradictional = 0
  0:00:05.246    21M / 380M  INFO    General                 (distance_estimation.cpp   : 104)   Filling scaffolding index
  0:00:05.246    21M / 380M  INFO   DistanceEstimator        (distance_estimation.hpp   : 116)   Using SMOOTHING distance estimator
  0:00:05.841    21M / 380M  INFO    General                 (distance_estimation.cpp   :  37)   Filtering info
  0:00:05.841    21M / 380M  INFO    General                 (pair_info_filters.hpp     : 242)   Start filtering; library index size: 2086
  0:00:05.842    22M / 380M  INFO    General                 (pair_info_filters.hpp     : 263)   Done filtering; library index size: 2086
  0:00:05.842    21M / 380M  INFO    General                 (distance_estimation.cpp   : 186)   Clearing raw paired index
  0:00:05.843    21M / 380M  INFO   StageManager             (stage.cpp                 : 185)   STAGE == Repeat Resolving (id: repeat_resolving)
  0:00:05.843    21M / 380M  INFO    General                 (repeat_resolving.cpp      :  87)   Using Path-Extend repeat resolving
  0:00:05.844    21M / 380M  INFO    General                 (launcher.cpp              : 600)   ExSPAnder repeat resolving tool started
  0:00:05.845    21M / 380M  INFO    General                 (coverage_uniformity_analyz:  25)   genomic coverage is 2.80408 calculated of length 121714
  0:00:05.847    24M / 380M  INFO    General                 (launcher.cpp              : 418)   Creating main extenders, unique edge length = 2000
  0:00:05.847    24M / 380M  INFO    General                 (extenders_logic.cpp       : 334)   Estimated coverage of library #0 is 2.88309
  0:00:05.847    24M / 380M  INFO    General                 (extenders_logic.cpp       : 345)   Creating extender; library index size: 11802
  0:00:05.848    24M / 380M  INFO    General                 (extenders_logic.cpp       : 334)   Estimated coverage of library #0 is 2.88309
  0:00:05.848    24M / 380M  INFO    General                 (extenders_logic.cpp       : 345)   Creating extender; library index size: 11802
  0:00:05.848    25M / 380M  INFO    General                 (extenders_logic.cpp       : 543)   Using 1 paired-end library
  0:00:05.848    25M / 380M  INFO    General                 (extenders_logic.cpp       : 544)   Using 1 paired-end scaffolding library
  0:00:05.848    25M / 380M  INFO    General                 (extenders_logic.cpp       : 545)   Using 0 single read libraries
  0:00:05.848    25M / 380M  INFO    General                 (launcher.cpp              : 447)   Total number of extenders is 3
  0:00:05.848    25M / 380M  INFO    General                 (path_extenders.cpp        :  36)   Processed 0 paths from 857 (0%)
  0:00:05.849    25M / 380M  INFO    General                 (path_extenders.cpp        :  36)   Processed 86 paths from 857 (10%)
  0:00:05.850    25M / 380M  INFO    General                 (path_extenders.cpp        :  34)   Processed 128 paths from 857 (14%)
  0:00:05.851    25M / 380M  INFO    General                 (path_extenders.cpp        :  36)   Processed 172 paths from 857 (20%)
  0:00:05.854    26M / 380M  INFO    General                 (path_extenders.cpp        :  34)   Processed 256 paths from 857 (29%)
  0:00:05.855    26M / 380M  INFO    General                 (path_extenders.cpp        :  36)   Processed 258 paths from 857 (30%)
  0:00:05.857    26M / 380M  INFO    General                 (path_extenders.cpp        :  36)   Processed 344 paths from 857 (40%)
  0:00:05.858    26M / 380M  INFO    General                 (path_extenders.cpp        :  36)   Processed 430 paths from 857 (50%)
  0:00:05.858    27M / 380M  INFO    General                 (path_extenders.cpp        :  34)   Processed 512 paths from 857 (59%)
  0:00:05.858    27M / 380M  INFO    General                 (path_extenders.cpp        :  36)   Processed 516 paths from 857 (60%)
  0:00:05.858    27M / 380M  INFO    General                 (path_extenders.cpp        :  36)   Processed 602 paths from 857 (70%)
  0:00:05.859    27M / 380M  INFO    General                 (path_extenders.cpp        :  36)   Processed 688 paths from 857 (80%)
  0:00:05.860    27M / 380M  INFO    General                 (path_extenders.cpp        :  36)   Processed 774 paths from 857 (90%)
  0:00:05.860    28M / 380M  INFO    General                 (launcher.cpp              : 250)   Finalizing paths
  0:00:05.860    28M / 380M  INFO    General                 (launcher.cpp              : 252)   Deduplicating paths
  0:00:05.861    28M / 380M  INFO    General                 (launcher.cpp              : 256)   Paths deduplicated
  0:00:05.861    28M / 380M  INFO   PEResolver               (pe_resolver.cpp           :  60)   Removing overlaps
  0:00:05.861    28M / 380M  INFO   PEResolver               (pe_resolver.cpp           :  63)   Sorting paths
  0:00:05.861    28M / 380M  INFO   PEResolver               (pe_resolver.cpp           :  70)   Marking overlaps
  0:00:05.861    28M / 380M  INFO   OverlapRemover           (overlap_remover.hpp       : 116)   Marking start/end overlaps
  0:00:05.861    28M / 380M  INFO   OverlapRemover           (overlap_remover.hpp       : 119)   Marking remaining overlaps
  0:00:05.862    28M / 380M  INFO   PEResolver               (pe_resolver.cpp           :  73)   Splitting paths
  0:00:05.862    28M / 380M  INFO   PEResolver               (pe_resolver.cpp           :  78)   Deduplicating paths
  0:00:05.862    28M / 380M  INFO   PEResolver               (pe_resolver.cpp           :  80)   Overlaps removed
  0:00:05.862    28M / 380M  INFO    General                 (launcher.cpp              : 273)   Paths finalized
  0:00:05.862    28M / 380M  INFO    General                 (launcher.cpp              : 454)   Closing gaps in paths
  0:00:05.863    31M / 380M  INFO    General                 (launcher.cpp              : 484)   Gap closing completed
  0:00:05.864    31M / 380M  INFO    General                 (launcher.cpp              : 302)   Traversing tandem repeats
  0:00:05.866    31M / 380M  INFO    General                 (launcher.cpp              : 312)   Traversed 0 loops
  0:00:05.866    31M / 380M  INFO    General                 (launcher.cpp              : 250)   Finalizing paths
  0:00:05.866    31M / 380M  INFO    General                 (launcher.cpp              : 252)   Deduplicating paths
  0:00:05.866    31M / 380M  INFO    General                 (launcher.cpp              : 256)   Paths deduplicated
  0:00:05.866    31M / 380M  INFO   PEResolver               (pe_resolver.cpp           :  60)   Removing overlaps
  0:00:05.866    31M / 380M  INFO   PEResolver               (pe_resolver.cpp           :  63)   Sorting paths
  0:00:05.866    31M / 380M  INFO   PEResolver               (pe_resolver.cpp           :  70)   Marking overlaps
  0:00:05.866    31M / 380M  INFO   OverlapRemover           (overlap_remover.hpp       : 116)   Marking start/end overlaps
  0:00:05.867    31M / 380M  INFO   OverlapRemover           (overlap_remover.hpp       : 119)   Marking remaining overlaps
  0:00:05.867    31M / 380M  INFO   PEResolver               (pe_resolver.cpp           :  73)   Splitting paths
  0:00:05.867    31M / 380M  INFO   PEResolver               (pe_resolver.cpp           :  78)   Deduplicating paths
  0:00:05.867    31M / 380M  INFO   PEResolver               (pe_resolver.cpp           :  80)   Overlaps removed
  0:00:05.867    31M / 380M  INFO    General                 (launcher.cpp              : 273)   Paths finalized
  0:00:05.867    31M / 380M  INFO    General                 (launcher.cpp              : 664)   ExSPAnder repeat resolving tool finished
  0:00:05.869    24M / 380M  INFO   StageManager             (stage.cpp                 : 185)   STAGE == Contig Output (id: contig_output)
  0:00:05.869    24M / 380M  INFO    General                 (contig_output.hpp         :  16)   Outputting contigs to /gpfs01/home/jc428818/Placement/uce-tutorial/assemblies/mus/K55/before_rr.fasta
  0:00:05.877    24M / 380M  INFO    General                 (contig_output_stage.cpp   : 151)   Writing GFA graph to /gpfs01/home/jc428818/Placement/uce-tutorial/assemblies/mus/K55/assembly_graph_with_scaffolds.gfa
  0:00:05.881    24M / 380M  INFO    General                 (contig_output_stage.cpp   : 165)   Outputting FastG graph to /gpfs01/home/jc428818/Placement/uce-tutorial/assemblies/mus/K55/assembly_graph.fastg
  0:00:05.893    24M / 380M  INFO    General                 (contig_output_stage.cpp   : 196)   Breaking scaffolds
  0:00:05.897    28M / 380M  INFO    General                 (contig_output_stage.cpp   :  98)   Outputting contigs to /gpfs01/home/jc428818/Placement/uce-tutorial/assemblies/mus/K55/final_contigs.fasta
  0:00:05.902    28M / 380M  INFO    General                 (contig_output_stage.cpp   : 104)   Outputting FastG paths to /gpfs01/home/jc428818/Placement/uce-tutorial/assemblies/mus/K55/final_contigs.paths
  0:00:05.909    24M / 380M  INFO    General                 (contig_output_stage.cpp   :  98)   Outputting contigs to /gpfs01/home/jc428818/Placement/uce-tutorial/assemblies/mus/K55/scaffolds.fasta
  0:00:05.915    24M / 380M  INFO    General                 (contig_output_stage.cpp   : 104)   Outputting FastG paths to /gpfs01/home/jc428818/Placement/uce-tutorial/assemblies/mus/K55/scaffolds.paths
  0:00:05.920    24M / 380M  INFO    General                 (contig_output_stage.cpp   : 111)   Populating GFA with scaffold paths
  0:00:05.924    24M / 380M  INFO    General                 (pipeline.cpp              : 287)   SPAdes finished
  0:00:05.927     1M / 380M  INFO    General                 (main.cpp                  : 136)   Assembling time: 0 hours 0 minutes 5 seconds

===== K55 finished. 


===== Copy files started. 


== Running: /usr/bin/python3 /usr/share/spades/spades_pipeline/scripts/copy_files.py /gpfs01/home/jc428818/Placement/uce-tutorial/assemblies/mus/K55/before_rr.fasta /gpfs01/home/jc428818/Placement/uce-tutorial/assemblies/mus/before_rr.fasta /gpfs01/home/jc428818/Placement/uce-tutorial/assemblies/mus/K55/assembly_graph_after_simplification.gfa /gpfs01/home/jc428818/Placement/uce-tutorial/assemblies/mus/assembly_graph_after_simplification.gfa /gpfs01/home/jc428818/Placement/uce-tutorial/assemblies/mus/K55/final_contigs.fasta /gpfs01/home/jc428818/Placement/uce-tutorial/assemblies/mus/contigs.fasta /gpfs01/home/jc428818/Placement/uce-tutorial/assemblies/mus/K55/first_pe_contigs.fasta /gpfs01/home/jc428818/Placement/uce-tutorial/assemblies/mus/first_pe_contigs.fasta /gpfs01/home/jc428818/Placement/uce-tutorial/assemblies/mus/K55/strain_graph.gfa /gpfs01/home/jc428818/Placement/uce-tutorial/assemblies/mus/strain_graph.gfa /gpfs01/home/jc428818/Placement/uce-tutorial/assemblies/mus/K55/scaffolds.fasta /gpfs01/home/jc428818/Placement/uce-tutorial/assemblies/mus/scaffolds.fasta /gpfs01/home/jc428818/Placement/uce-tutorial/assemblies/mus/K55/scaffolds.paths /gpfs01/home/jc428818/Placement/uce-tutorial/assemblies/mus/scaffolds.paths /gpfs01/home/jc428818/Placement/uce-tutorial/assemblies/mus/K55/assembly_graph_with_scaffolds.gfa /gpfs01/home/jc428818/Placement/uce-tutorial/assemblies/mus/assembly_graph_with_scaffolds.gfa /gpfs01/home/jc428818/Placement/uce-tutorial/assemblies/mus/K55/assembly_graph.fastg /gpfs01/home/jc428818/Placement/uce-tutorial/assemblies/mus/assembly_graph.fastg /gpfs01/home/jc428818/Placement/uce-tutorial/assemblies/mus/K55/final_contigs.paths /gpfs01/home/jc428818/Placement/uce-tutorial/assemblies/mus/contigs.paths


===== Copy files finished. 


===== Assembling finished. 


===== Breaking scaffolds started. 


== Running: /usr/bin/python3 /usr/share/spades/spades_pipeline/scripts/breaking_scaffolds_script.py --result_scaffolds_filename /gpfs01/home/jc428818/Placement/uce-tutorial/assemblies/mus/scaffolds.fasta --misc_dir /gpfs01/home/jc428818/Placement/uce-tutorial/assemblies/mus/misc --threshold_for_breaking_scaffolds 3


===== Breaking scaffolds finished. 


===== Terminate started. 


===== Terminate finished. 

 * Corrected reads are in /gpfs01/home/jc428818/Placement/uce-tutorial/assemblies/mus/corrected/
 * Assembled contigs are in /gpfs01/home/jc428818/Placement/uce-tutorial/assemblies/mus/contigs.fasta
 * Assembled scaffolds are in /gpfs01/home/jc428818/Placement/uce-tutorial/assemblies/mus/scaffolds.fasta
 * Paths in the assembly graph corresponding to the contigs are in /gpfs01/home/jc428818/Placement/uce-tutorial/assemblies/mus/contigs.paths
 * Paths in the assembly graph corresponding to the scaffolds are in /gpfs01/home/jc428818/Placement/uce-tutorial/assemblies/mus/scaffolds.paths
 * Assembly graph is in /gpfs01/home/jc428818/Placement/uce-tutorial/assemblies/mus/assembly_graph.fastg
 * Assembly graph in GFA format is in /gpfs01/home/jc428818/Placement/uce-tutorial/assemblies/mus/assembly_graph_with_scaffolds.gfa

======= SPAdes pipeline finished WITH WARNINGS!

=== Error correction and assembling warnings:
 * 0:00:06.359    17M / 424M  WARN    General                 (kmer_coverage_model.cpp   : 327)   Valley value was estimated improperly, reset to 2
 * 0:00:04.192    17M / 403M  WARN    General                 (kmer_coverage_model.cpp   : 327)   Valley value was estimated improperly, reset to 4
 * 0:00:04.192    17M / 403M  WARN    General                 (kmer_coverage_model.cpp   : 366)   Failed to determine erroneous kmer threshold. Threshold set to: 4
 * 0:00:02.222    19M / 380M  WARN    General                 (kmer_coverage_model.cpp   : 366)   Failed to determine erroneous kmer threshold. Threshold set to: 2
======= Warnings saved to /gpfs01/home/jc428818/Placement/uce-tutorial/assemblies/mus/warnings.log

SPAdes log can be found here: /gpfs01/home/jc428818/Placement/uce-tutorial/assemblies/mus/spades.log

Thank you for using SPAdes!
