Command line: /usr/libexec/spades/spades.py	-1	/gpfs01/home/jc428818/Placement/uce-tutorial/filtered-data/gallus_R1.fq.gz	-2	/gpfs01/home/jc428818/Placement/uce-tutorial/filtered-data/gallus_R2.fq.gz	-o	/gpfs01/home/jc428818/Placement/uce-tutorial/assemblies/gallus	

System information:
  SPAdes version: 3.15.5
  Python version: 3.14.4
  OS: Linux-5.14.0-570.62.1.el9_6.x86_64-x86_64-with-glibc2.43

Output dir: /gpfs01/home/jc428818/Placement/uce-tutorial/assemblies/gallus
Mode: read error correction and assembling
Debug mode is turned OFF

Dataset parameters:
  Standard mode
  For multi-cell/isolate data we recommend to use '--isolate' option; for single-cell MDA data use '--sc'; for metagenomic data use '--meta'; for RNA-Seq use '--rna'.
  Reads:
    Library number: 1, library type: paired-end
      orientation: fr
      left reads: ['/gpfs01/home/jc428818/Placement/uce-tutorial/filtered-data/gallus_R1.fq.gz']
      right reads: ['/gpfs01/home/jc428818/Placement/uce-tutorial/filtered-data/gallus_R2.fq.gz']
      interlaced reads: not specified
      single reads: not specified
      merged reads: not specified
Read error correction parameters:
  Iterations: 1
  PHRED offset will be auto-detected
  Corrected reads will be compressed
Assembly parameters:
  k: automatic selection based on read length
  Repeat resolution is enabled
  Mismatch careful mode is turned OFF
  MismatchCorrector will be SKIPPED
  Coverage cutoff is turned OFF
Other parameters:
  Dir for temp files: /gpfs01/home/jc428818/Placement/uce-tutorial/assemblies/gallus/tmp
  Threads: 16
  Memory limit (in Gb): 250


======= SPAdes pipeline started. Log can be found here: /gpfs01/home/jc428818/Placement/uce-tutorial/assemblies/gallus/spades.log

/gpfs01/home/jc428818/Placement/uce-tutorial/filtered-data/gallus_R1.fq.gz: max reads length: 251
/gpfs01/home/jc428818/Placement/uce-tutorial/filtered-data/gallus_R2.fq.gz: max reads length: 251

Reads length: 251

Default k-mer sizes were set to [21, 33, 55, 77, 99, 127] because estimated read length (251) is equal to or greater than 250

===== Before start started. 


===== Read error correction started. 


===== Read error correction started. 


== Running: /usr/libexec/spades/spades-hammer /gpfs01/home/jc428818/Placement/uce-tutorial/assemblies/gallus/corrected/configs/config.info

  0:00:00.000     1M / 29M   INFO    General                 (main.cpp                  :  75)   Starting BayesHammer, built from N/A, git revision N/A
  0:00:00.001     1M / 29M   INFO    General                 (main.cpp                  :  76)   Loading config from /gpfs01/home/jc428818/Placement/uce-tutorial/assemblies/gallus/corrected/configs/config.info
  0:00:00.002     1M / 29M   INFO    General                 (main.cpp                  :  78)   Maximum # of threads to use (adjusted due to OMP capabilities): 4
  0:00:00.002     1M / 29M   INFO    General                 (memory_limit.cpp          :  54)   Memory limit set to 250 Gb
  0:00:00.002     1M / 29M   INFO    General                 (main.cpp                  :  86)   Trying to determine PHRED offset
  0:00:00.002     1M / 29M   INFO    General                 (main.cpp                  :  92)   Determined value is 33
  0:00:00.002     1M / 29M   INFO    General                 (hammer_tools.cpp          :  38)   Hamming graph threshold tau=1, k=21, subkmer positions = [ 0 10 ]
  0:00:00.002     1M / 29M   INFO    General                 (main.cpp                  : 113)   Size of aux. kmer data 24 bytes
     === ITERATION 0 begins ===
  0:00:00.004     1M / 29M   INFO    General                 (kmer_index_builder.hpp    : 243)   Splitting kmer instances into 16 files using 4 threads. This might take a while.
  0:00:00.004     1M / 29M   INFO    General                 (file_limit.hpp            :  42)   Open file limit set to 16384
  0:00:00.004     1M / 29M   INFO    General                 (kmer_splitter.hpp         :  93)   Memory available for splitting buffers: 20.8333 Gb
  0:00:00.004     1M / 29M   INFO    General                 (kmer_splitter.hpp         : 101)   Using cell size of 4194304
  0:00:00.028  2305M / 2305M INFO   K-mer Splitting          (kmer_data.cpp             :  97)   Processing /gpfs01/home/jc428818/Placement/uce-tutorial/filtered-data/gallus_R1.fq.gz
  0:00:01.048  2305M / 2305M INFO   K-mer Splitting          (kmer_data.cpp             : 107)   Processed 49444 reads
  0:00:01.049  2305M / 2305M INFO   K-mer Splitting          (kmer_data.cpp             :  97)   Processing /gpfs01/home/jc428818/Placement/uce-tutorial/filtered-data/gallus_R2.fq.gz
  0:00:02.083  2305M / 2305M INFO   K-mer Splitting          (kmer_data.cpp             : 107)   Processed 98888 reads
  0:00:02.084  2305M / 2305M INFO   K-mer Splitting          (kmer_data.cpp             : 112)   Total 98888 reads processed
  0:00:02.084     1M / 278M  INFO    General                 (kmer_index_builder.hpp    : 249)   Starting k-mer counting.
  0:00:02.231     1M / 278M  INFO    General                 (kmer_index_builder.hpp    : 260)   K-mer counting done. There are 10083110 kmers in total.
  0:00:02.231     1M / 278M  INFO   K-mer Index Building     (kmer_index_builder.hpp    : 395)   Building perfect hash indices
  0:00:02.475     8M / 278M  INFO   K-mer Index Building     (kmer_index_builder.hpp    : 431)   Index built. Total 10083110 kmers, 7294496 bytes occupied (5.7875 bits per kmer).
  0:00:02.475     8M / 278M  INFO   K-mer Counting           (kmer_data.cpp             : 354)   Arranging kmers in hash map order
  0:00:02.680   169M / 278M  INFO    General                 (main.cpp                  : 148)   Clustering Hamming graph.
  0:00:13.294   169M / 278M  INFO    General                 (main.cpp                  : 155)   Extracting clusters:
  0:00:13.294   169M / 278M  INFO    General                 (concurrent_dsu.cpp        :  18)   Connecting to root
  0:00:13.312   169M / 278M  INFO    General                 (concurrent_dsu.cpp        :  34)   Calculating counts
  0:00:14.213   441M / 482M  INFO    General                 (concurrent_dsu.cpp        :  63)   Writing down entries
  0:00:15.432   169M / 631M  INFO    General                 (main.cpp                  : 167)   Clustering done. Total clusters: 9302336
  0:00:15.432    88M / 631M  INFO   K-mer Counting           (kmer_data.cpp             : 371)   Collecting K-mer information, this takes a while.
  0:00:15.492   321M / 631M  INFO   K-mer Counting           (kmer_data.cpp             : 377)   Processing /gpfs01/home/jc428818/Placement/uce-tutorial/filtered-data/gallus_R1.fq.gz
  0:00:17.965   321M / 631M  INFO   K-mer Counting           (kmer_data.cpp             : 377)   Processing /gpfs01/home/jc428818/Placement/uce-tutorial/filtered-data/gallus_R2.fq.gz
  0:00:20.362   321M / 631M  INFO   K-mer Counting           (kmer_data.cpp             : 384)   Collection done, postprocessing.
  0:00:20.390   321M / 631M  INFO   K-mer Counting           (kmer_data.cpp             : 397)   There are 10083110 kmers in total. Among them 3987132 (39.5427%) are singletons.
  0:00:20.390   321M / 631M  INFO    General                 (main.cpp                  : 173)   Subclustering Hamming graph
  0:00:30.276   321M / 631M  INFO   Hamming Subclustering    (kmer_cluster.cpp          : 650)   Subclustering done. Total 43 non-read kmers were generated.
  0:00:30.276   321M / 631M  INFO   Hamming Subclustering    (kmer_cluster.cpp          : 651)   Subclustering statistics:
  0:00:30.276   321M / 631M  INFO   Hamming Subclustering    (kmer_cluster.cpp          : 652)     Total singleton hamming clusters: 8742632. Among them 7393324 (84.5663%) are good
  0:00:30.276   321M / 631M  INFO   Hamming Subclustering    (kmer_cluster.cpp          : 653)     Total singleton subclusters: 12217. Among them 12199 (99.8527%) are good
  0:00:30.276   321M / 631M  INFO   Hamming Subclustering    (kmer_cluster.cpp          : 654)     Total non-singleton subcluster centers: 560364. Among them 259824 (46.367%) are good
  0:00:30.276   321M / 631M  INFO   Hamming Subclustering    (kmer_cluster.cpp          : 655)     Average size of non-trivial subcluster: 2.39233 kmers
  0:00:30.276   321M / 631M  INFO   Hamming Subclustering    (kmer_cluster.cpp          : 656)     Average number of sub-clusters per non-singleton cluster: 1.02301
  0:00:30.276   321M / 631M  INFO   Hamming Subclustering    (kmer_cluster.cpp          : 657)     Total solid k-mers: 7665347
  0:00:30.276   321M / 631M  INFO   Hamming Subclustering    (kmer_cluster.cpp          : 658)     Substitution probabilities: [4,4]((0.940375,0.0214146,0.0219504,0.0162595),(0.0238289,0.939464,0.00844346,0.0282634),(0.0220803,0.00653262,0.940999,0.0303881),(0.0131233,0.0172442,0.0164924,0.95314))
  0:00:30.291   321M / 631M  INFO    General                 (main.cpp                  : 178)   Finished clustering.
  0:00:30.291   321M / 631M  INFO    General                 (main.cpp                  : 197)   Starting solid k-mers expansion in 4 threads.
  0:00:31.432   321M / 631M  INFO    General                 (main.cpp                  : 218)   Solid k-mers iteration 0 produced 52043 new k-mers.
  0:00:32.561   321M / 631M  INFO    General                 (main.cpp                  : 218)   Solid k-mers iteration 1 produced 638 new k-mers.
  0:00:33.608   321M / 631M  INFO    General                 (main.cpp                  : 218)   Solid k-mers iteration 2 produced 35 new k-mers.
  0:00:34.648   321M / 631M  INFO    General                 (main.cpp                  : 218)   Solid k-mers iteration 3 produced 0 new k-mers.
  0:00:34.648   321M / 631M  INFO    General                 (main.cpp                  : 222)   Solid k-mers finalized
  0:00:34.649   321M / 631M  INFO    General                 (hammer_tools.cpp          : 222)   Starting read correction in 4 threads.
  0:00:34.649   321M / 631M  INFO    General                 (hammer_tools.cpp          : 235)   Correcting pair of reads: /gpfs01/home/jc428818/Placement/uce-tutorial/filtered-data/gallus_R1.fq.gz and /gpfs01/home/jc428818/Placement/uce-tutorial/filtered-data/gallus_R2.fq.gz
  0:00:34.981   458M / 631M  INFO    General                 (hammer_tools.cpp          : 170)   Prepared batch 0 of 49444 reads.
  0:00:37.237   462M / 631M  INFO    General                 (hammer_tools.cpp          : 177)   Processed batch 0
  0:00:37.346   462M / 631M  INFO    General                 (hammer_tools.cpp          : 187)   Written batch 0
  0:00:37.367   321M / 631M  INFO    General                 (hammer_tools.cpp          : 276)   Correction done. Changed 34637 bases in 12306 reads.
  0:00:37.369   321M / 631M  INFO    General                 (hammer_tools.cpp          : 277)   Failed to correct 0 bases out of 21564600.
  0:00:37.369     1M / 631M  INFO    General                 (main.cpp                  : 255)   Saving corrected dataset description to /gpfs01/home/jc428818/Placement/uce-tutorial/assemblies/gallus/corrected/corrected.yaml
  0:00:37.370     1M / 631M  INFO    General                 (main.cpp                  : 262)   All done. Exiting.

===== Read error correction finished. 


===== corrected reads compression started. 


== Running: /usr/bin/python3 /usr/share/spades/spades_pipeline/scripts/compress_all.py --input_file /gpfs01/home/jc428818/Placement/uce-tutorial/assemblies/gallus/corrected/corrected.yaml --ext_python_modules_home /usr/share/spades --max_threads 16 --output_dir /gpfs01/home/jc428818/Placement/uce-tutorial/assemblies/gallus/corrected --gzip_output

== Compressing corrected reads (with pigz)
== Files to compress: ['/gpfs01/home/jc428818/Placement/uce-tutorial/assemblies/gallus/corrected/gallus_R1.fq.00.0_0.cor.fastq', '/gpfs01/home/jc428818/Placement/uce-tutorial/assemblies/gallus/corrected/gallus_R2.fq.00.0_0.cor.fastq', '/gpfs01/home/jc428818/Placement/uce-tutorial/assemblies/gallus/corrected/gallus_R_unpaired.00.0_0.cor.fastq']
== Files compression is finished
== Dataset yaml file is updated

===== corrected reads compression finished. 


===== Read error correction finished. 


===== Assembling started. 


===== K21 started. 


== Running: /usr/libexec/spades/spades-core /gpfs01/home/jc428818/Placement/uce-tutorial/assemblies/gallus/K21/configs/config.info

  0:00:00.000     1M / 29M   INFO    General                 (main.cpp                  :  99)   Loaded config from /gpfs01/home/jc428818/Placement/uce-tutorial/assemblies/gallus/K21/configs/config.info
  0:00:00.000     1M / 29M   INFO    General                 (memory_limit.cpp          :  54)   Memory limit set to 250 Gb
  0:00:00.000     1M / 29M   INFO    General                 (main.cpp                  : 107)   Starting SPAdes, built from N/A, git revision N/A
  0:00:00.000     1M / 29M   INFO    General                 (main.cpp                  : 108)   Maximum k-mer length: 128
  0:00:00.000     1M / 29M   INFO    General                 (main.cpp                  : 109)   Assembling dataset (/gpfs01/home/jc428818/Placement/uce-tutorial/assemblies/gallus/dataset.info) with K=21
  0:00:00.000     1M / 29M   INFO    General                 (main.cpp                  : 110)   Maximum # of threads to use (adjusted due to OMP capabilities): 4
  0:00:00.000     1M / 29M   INFO    General                 (pipeline.cpp              : 212)   SPAdes started
  0:00:00.000     1M / 29M   INFO    General                 (pipeline.cpp              : 225)   Starting from stage: read_conversion
  0:00:00.000     1M / 29M   INFO    General                 (pipeline.cpp              : 231)   Two-step repeat resolution disabled
  0:00:00.001     1M / 29M   INFO   GraphCore                (graph_core.hpp            : 672)   Graph created, vertex min_id: 3, edge min_id: 3
  0:00:00.001     1M / 29M   INFO   GraphCore                (graph_core.hpp            : 673)   Vertex size: 48, edge size: 40
  0:00:00.002     1M / 29M   INFO    General                 (edge_index.hpp            : 113)   Size of edge index entries: 12/8
  0:00:00.003     1M / 29M   INFO   StageManager             (stage.cpp                 : 185)   STAGE == Binary Read Conversion (id: read_conversion)
  0:00:00.003     1M / 29M   INFO    General                 (read_converter.cpp        :  72)   Converting reads to binary format for library #0 (takes a while)
  0:00:00.004     1M / 29M   INFO    General                 (read_converter.cpp        :  73)   Converting paired reads
  0:00:00.379    70M / 70M   INFO    General                 (binary_converter.cpp      :  96)   16384 reads processed
  0:00:00.400    77M / 77M   INFO    General                 (binary_converter.cpp      :  96)   32768 reads processed
  0:00:00.626    63M / 87M   INFO    General                 (binary_converter.cpp      : 111)   49229 reads written
  0:00:00.627    41M / 87M   INFO    General                 (read_converter.cpp        :  86)   Converting single reads
  0:00:00.637    71M / 87M   INFO    General                 (binary_converter.cpp      : 111)   202 reads written
  0:00:00.637    61M / 87M   INFO    General                 (read_converter.cpp        :  92)   Converting merged reads
  0:00:00.638    71M / 87M   INFO    General                 (binary_converter.cpp      : 111)   0 reads written
  0:00:00.643     1M / 87M   INFO   StageManager             (stage.cpp                 : 185)   STAGE == de Bruijn graph construction (id: construction)
  0:00:00.645     1M / 87M   INFO    General                 (construction.cpp          : 153)   Max read length 251
  0:00:00.645     1M / 87M   INFO    General                 (construction.cpp          : 159)   Average read length 218.008
  0:00:00.645     1M / 87M   INFO    General                 (stage.cpp                 : 117)   PROCEDURE == k+1-mer counting (id: construction:kpomer_counting)
  0:00:00.645     1M / 87M   INFO    General                 (kmer_index_builder.hpp    : 243)   Splitting kmer instances into 40 files using 4 threads. This might take a while.
  0:00:00.646     1M / 87M   INFO    General                 (file_limit.hpp            :  42)   Open file limit set to 16384
  0:00:00.646     1M / 87M   INFO    General                 (kmer_splitter.hpp         :  93)   Memory available for splitting buffers: 20.8333 Gb
  0:00:00.646     1M / 87M   INFO    General                 (kmer_splitter.hpp         : 101)   Using cell size of 1677721
  0:00:01.466  2401M / 2401M INFO    General                 (kmer_splitters.hpp        : 125)   Processed 197320 reads
  0:00:01.466     1M / 404M  INFO    General                 (kmer_splitters.hpp        : 131)   Used 197320 reads
  0:00:01.467     1M / 404M  INFO    General                 (kmer_index_builder.hpp    : 249)   Starting k-mer counting.
  0:00:01.519     1M / 404M  INFO    General                 (kmer_index_builder.hpp    : 260)   K-mer counting done. There are 4635833 kmers in total.
  0:00:01.519     1M / 404M  INFO    General                 (stage.cpp                 : 117)   PROCEDURE == Extension index construction (id: construction:extension_index_construction)
  0:00:01.521     1M / 404M  INFO   K-mer Index Building     (kmer_index_builder.hpp    : 438)   Building kmer index
  0:00:01.521     1M / 404M  INFO    General                 (kmer_index_builder.hpp    : 243)   Splitting kmer instances into 40 files using 4 threads. This might take a while.
  0:00:01.521     1M / 404M  INFO    General                 (file_limit.hpp            :  42)   Open file limit set to 16384
  0:00:01.522     1M / 404M  INFO    General                 (kmer_splitter.hpp         :  93)   Memory available for splitting buffers: 20.8333 Gb
  0:00:01.522     1M / 404M  INFO    General                 (kmer_splitter.hpp         : 101)   Using cell size of 1677721
  0:00:02.033  2401M / 2401M INFO    General                 (kmer_splitters.hpp        : 194)   Processed 4635833 kmers
  0:00:02.034  2401M / 2401M INFO    General                 (kmer_splitters.hpp        : 199)   Used 4635833 kmers.
  0:00:02.034     1M / 453M  INFO    General                 (kmer_index_builder.hpp    : 249)   Starting k-mer counting.
  0:00:02.085     1M / 453M  INFO    General                 (kmer_index_builder.hpp    : 260)   K-mer counting done. There are 4642507 kmers in total.
  0:00:02.086     1M / 453M  INFO   K-mer Index Building     (kmer_index_builder.hpp    : 395)   Building perfect hash indices
  0:00:02.205     4M / 453M  INFO   K-mer Index Building     (kmer_index_builder.hpp    : 431)   Index built. Total 4642507 kmers, 3382816 bytes occupied (5.82929 bits per kmer).
  0:00:02.205     4M / 453M  INFO    General                 (kmer_index_builder.hpp    : 169)   Merging final buckets.
  0:00:02.246     9M / 453M  INFO   DeBruijnExtensionIndexBu (kmer_extension_index_build: 100)   Building k-mer extensions from k+1-mers
  0:00:02.752     9M / 453M  INFO   DeBruijnExtensionIndexBu (kmer_extension_index_build: 105)   Building k-mer extensions from k+1-mers finished.
  0:00:02.756     9M / 453M  INFO    General                 (stage.cpp                 : 117)   PROCEDURE == Early tip clipping (id: construction:early_tip_clipper)
  0:00:02.757     9M / 453M  INFO    General                 (construction.cpp          : 301)   Early tip clipper length bound set as (RL - K)
  0:00:02.757     9M / 453M  INFO   Early tip clipping       (early_simplification.hpp  :  47)   Early tip clipping
  0:00:03.004    10M / 453M  INFO   Early tip clipping       (early_simplification.hpp  :  82)   #tipped junctions: 6023
  0:00:03.005    10M / 453M  INFO   Early tip clipping       (early_simplification.hpp  :  93)   Clipped tips: 6080
  0:00:03.007     9M / 453M  INFO   Early tip clipping       (early_simplification.hpp  :  49)   286995 22-mers were removed by early tip clipper
  0:00:03.007     9M / 453M  INFO    General                 (stage.cpp                 : 117)   PROCEDURE == Condensing graph (id: construction:graph_condensing)
  0:00:03.008     9M / 453M  INFO   UnbranchingPathExtractor (debruijn_graph_constructor: 354)   Extracting unbranching paths
  0:00:03.388    11M / 453M  INFO   UnbranchingPathExtractor (debruijn_graph_constructor: 373)   Extracting unbranching paths finished. 31146 sequences extracted
  0:00:03.667    11M / 453M  INFO   UnbranchingPathExtractor (debruijn_graph_constructor: 309)   Collecting perfect loops
  0:00:03.770    11M / 453M  INFO   UnbranchingPathExtractor (debruijn_graph_constructor: 342)   Collecting perfect loops finished. 47 loops collected
  0:00:03.774    11M / 453M  INFO    General                 (debruijn_graph_constructor: 487)   Total 62386 edges to create
  0:00:03.774    14M / 453M  INFO    General                 (debruijn_graph_constructor: 489)   Collecting link records
  0:00:03.791    15M / 453M  INFO    General                 (debruijn_graph_constructor: 491)   Ordering link records
  0:00:03.793    15M / 453M  INFO    General                 (debruijn_graph_constructor: 493)   Sorting done
  0:00:03.793    15M / 453M  INFO    General                 (debruijn_graph_constructor: 503)   Total 37867 vertices to create
  0:00:03.793    19M / 453M  INFO    General                 (debruijn_graph_constructor: 506)   Connecting the graph
  0:00:03.821    17M / 453M  INFO    General                 (stage.cpp                 : 117)   PROCEDURE == Filling coverage indices (PHM) (id: construction:coverage_filling_phm)
  0:00:03.821    17M / 453M  INFO   K-mer Index Building     (kmer_index_builder.hpp    : 395)   Building perfect hash indices
  0:00:03.923    20M / 453M  INFO   K-mer Index Building     (kmer_index_builder.hpp    : 431)   Index built. Total 4635833 kmers, 3378080 bytes occupied (5.82951 bits per kmer).
  0:00:03.927    38M / 453M  INFO    General                 (coverage_hash_map_builder.:  47)   Collecting k-mer coverage information from reads, this takes a while.
  0:00:04.808    38M / 453M  INFO    General                 (construction.cpp          : 430)   Filling coverage and flanking coverage from PHM
  0:00:05.219    38M / 453M  INFO    General                 (coverage_filling.hpp      :  82)   Processed 62378 edges
  0:00:05.249     8M / 453M  INFO   StageManager             (stage.cpp                 : 185)   STAGE == EC Threshold Finding (id: ec_threshold_finder)
  0:00:05.249     8M / 453M  INFO    General                 (kmer_coverage_model.cpp   : 181)   Kmer coverage valley at: 56
  0:00:05.249     8M / 453M  INFO    General                 (kmer_coverage_model.cpp   : 201)   K-mer histogram maximum: 57
  0:00:05.249     8M / 453M  WARN    General                 (kmer_coverage_model.cpp   : 218)   Too many erroneous kmers, the estimates might be unreliable
  0:00:05.249     8M / 453M  INFO    General                 (kmer_coverage_model.cpp   : 237)   Estimated median coverage: 57. Coverage mad: 25.0292
  0:00:05.249     8M / 453M  INFO    General                 (kmer_coverage_model.cpp   : 259)   Fitting coverage model
  0:00:05.264     8M / 453M  INFO    General                 (kmer_coverage_model.cpp   : 295)   ... iteration 2
  0:00:05.288     8M / 453M  INFO    General                 (kmer_coverage_model.cpp   : 295)   ... iteration 4
  0:00:05.369     8M / 453M  INFO    General                 (kmer_coverage_model.cpp   : 295)   ... iteration 8
  0:00:05.640     8M / 453M  INFO    General                 (kmer_coverage_model.cpp   : 295)   ... iteration 16
  0:00:05.973     8M / 453M  INFO    General                 (kmer_coverage_model.cpp   : 295)   ... iteration 32
  0:00:06.356     8M / 453M  INFO    General                 (kmer_coverage_model.cpp   : 295)   ... iteration 64
  0:00:06.502     8M / 453M  INFO    General                 (kmer_coverage_model.cpp   : 309)   Fitted mean coverage: 20.3989. Fitted coverage std. dev: 8.96008
  0:00:06.502     8M / 453M  WARN    General                 (kmer_coverage_model.cpp   : 327)   Valley value was estimated improperly, reset to 10
  0:00:06.503     8M / 453M  INFO    General                 (kmer_coverage_model.cpp   : 334)   Probability of erroneous kmer at valley: 0.836999
  0:00:06.503     8M / 453M  WARN    General                 (kmer_coverage_model.cpp   : 366)   Failed to determine erroneous kmer threshold. Threshold set to: 10
  0:00:06.503     8M / 453M  INFO    General                 (kmer_coverage_model.cpp   : 375)   Estimated genome size (ignoring repeats): 502048
  0:00:06.503     8M / 453M  INFO    General                 (genomic_info_filler.cpp   :  57)   Failed to estimate mean coverage
  0:00:06.503     8M / 453M  INFO    General                 (genomic_info_filler.cpp   :  70)   EC coverage threshold value was calculated as 10
  0:00:06.503     8M / 453M  INFO    General                 (genomic_info_filler.cpp   :  71)   Trusted kmer low bound: 0
  0:00:06.503     8M / 453M  INFO   StageManager             (stage.cpp                 : 185)   STAGE == Raw Simplification (id: raw_simplification)
  0:00:06.503     8M / 453M  INFO    General                 (simplification.cpp        : 127)   PROCEDURE == Initial cleaning
  0:00:06.504     8M / 453M  INFO    General                 (simplification.cpp        :  66)   Most init cleaning disabled since detected mean 0 was less than activation coverage 10
  0:00:06.504     8M / 453M  INFO   Simplification           (parallel_processing.hpp   : 167)   Running Self conjugate edge remover
  0:00:06.506     8M / 453M  INFO   Simplification           (parallel_processing.hpp   : 170)   Self conjugate edge remover triggered 0 times
  0:00:06.506     8M / 453M  INFO   StageManager             (stage.cpp                 : 185)   STAGE == Simplification (id: simplification)
  0:00:06.506     8M / 453M  INFO    General                 (simplification.cpp        : 368)   Graph simplification started
  0:00:06.507     8M / 453M  INFO    General                 (graph_simplification.hpp  : 634)   Creating parallel br instance
  0:00:06.507     8M / 453M  INFO    General                 (simplification.cpp        : 373)   PROCEDURE == Simplification cycle, iteration 1
  0:00:06.507     8M / 453M  INFO   Simplification           (parallel_processing.hpp   : 167)   Running Tip clipper
  0:00:06.513     8M / 453M  INFO   Simplification           (parallel_processing.hpp   : 170)   Tip clipper triggered 637 times
  0:00:06.513     8M / 453M  INFO   Simplification           (parallel_processing.hpp   : 167)   Running Bulge remover
  0:00:06.634     8M / 453M  INFO   Simplification           (parallel_processing.hpp   : 170)   Bulge remover triggered 2839 times
  0:00:06.635     8M / 453M  INFO   Simplification           (parallel_processing.hpp   : 167)   Running Low coverage edge remover
  0:00:06.645     9M / 453M  INFO   Simplification           (parallel_processing.hpp   : 170)   Low coverage edge remover triggered 1432 times
  0:00:06.645     9M / 453M  INFO    General                 (simplification.cpp        : 373)   PROCEDURE == Simplification cycle, iteration 2
  0:00:06.645     9M / 453M  INFO   Simplification           (parallel_processing.hpp   : 167)   Running Tip clipper
  0:00:06.647     8M / 453M  INFO   Simplification           (parallel_processing.hpp   : 170)   Tip clipper triggered 267 times
  0:00:06.647     8M / 453M  INFO   Simplification           (parallel_processing.hpp   : 167)   Running Bulge remover
  0:00:06.669     8M / 453M  INFO   Simplification           (parallel_processing.hpp   : 170)   Bulge remover triggered 104 times
  0:00:06.669     8M / 453M  INFO   Simplification           (parallel_processing.hpp   : 167)   Running Low coverage edge remover
  0:00:06.672     8M / 453M  INFO   Simplification           (parallel_processing.hpp   : 170)   Low coverage edge remover triggered 755 times
  0:00:06.672     8M / 453M  INFO    General                 (simplification.cpp        : 373)   PROCEDURE == Simplification cycle, iteration 3
  0:00:06.672     8M / 453M  INFO   Simplification           (parallel_processing.hpp   : 167)   Running Tip clipper
  0:00:06.673     8M / 453M  INFO   Simplification           (parallel_processing.hpp   : 170)   Tip clipper triggered 50 times
  0:00:06.673     8M / 453M  INFO   Simplification           (parallel_processing.hpp   : 167)   Running Bulge remover
  0:00:06.679     8M / 453M  INFO   Simplification           (parallel_processing.hpp   : 170)   Bulge remover triggered 49 times
  0:00:06.679     8M / 453M  INFO   Simplification           (parallel_processing.hpp   : 167)   Running Low coverage edge remover
  0:00:06.680     8M / 453M  INFO   Simplification           (parallel_processing.hpp   : 170)   Low coverage edge remover triggered 254 times
  0:00:06.680     8M / 453M  INFO    General                 (simplification.cpp        : 373)   PROCEDURE == Simplification cycle, iteration 4
  0:00:06.680     8M / 453M  INFO   Simplification           (parallel_processing.hpp   : 167)   Running Tip clipper
  0:00:06.681     8M / 453M  INFO   Simplification           (parallel_processing.hpp   : 170)   Tip clipper triggered 12 times
  0:00:06.681     8M / 453M  INFO   Simplification           (parallel_processing.hpp   : 167)   Running Bulge remover
  0:00:06.685     8M / 453M  INFO   Simplification           (parallel_processing.hpp   : 170)   Bulge remover triggered 23 times
  0:00:06.685     8M / 453M  INFO   Simplification           (parallel_processing.hpp   : 167)   Running Low coverage edge remover
  0:00:06.685     8M / 453M  INFO   Simplification           (parallel_processing.hpp   : 170)   Low coverage edge remover triggered 138 times
  0:00:06.685     8M / 453M  INFO    General                 (simplification.cpp        : 373)   PROCEDURE == Simplification cycle, iteration 5
  0:00:06.685     8M / 453M  INFO   Simplification           (parallel_processing.hpp   : 167)   Running Tip clipper
  0:00:06.686     8M / 453M  INFO   Simplification           (parallel_processing.hpp   : 170)   Tip clipper triggered 6 times
  0:00:06.686     8M / 453M  INFO   Simplification           (parallel_processing.hpp   : 167)   Running Bulge remover
  0:00:06.686     8M / 453M  INFO   Simplification           (parallel_processing.hpp   : 170)   Bulge remover triggered 2 times
  0:00:06.686     8M / 453M  INFO   Simplification           (parallel_processing.hpp   : 167)   Running Low coverage edge remover
  0:00:06.687     8M / 453M  INFO   Simplification           (parallel_processing.hpp   : 170)   Low coverage edge remover triggered 83 times
  0:00:06.687     8M / 453M  INFO    General                 (simplification.cpp        : 373)   PROCEDURE == Simplification cycle, iteration 6
  0:00:06.687     8M / 453M  INFO   Simplification           (parallel_processing.hpp   : 167)   Running Tip clipper
  0:00:06.687     8M / 453M  INFO   Simplification           (parallel_processing.hpp   : 170)   Tip clipper triggered 1 times
  0:00:06.687     8M / 453M  INFO   Simplification           (parallel_processing.hpp   : 167)   Running Bulge remover
  0:00:06.687     8M / 453M  INFO   Simplification           (parallel_processing.hpp   : 170)   Bulge remover triggered 6 times
  0:00:06.687     8M / 453M  INFO   Simplification           (parallel_processing.hpp   : 167)   Running Low coverage edge remover
  0:00:06.688     8M / 453M  INFO   Simplification           (parallel_processing.hpp   : 170)   Low coverage edge remover triggered 59 times
  0:00:06.688     8M / 453M  INFO    General                 (simplification.cpp        : 373)   PROCEDURE == Simplification cycle, iteration 7
  0:00:06.688     8M / 453M  INFO   Simplification           (parallel_processing.hpp   : 167)   Running Tip clipper
  0:00:06.688     8M / 453M  INFO   Simplification           (parallel_processing.hpp   : 170)   Tip clipper triggered 0 times
  0:00:06.688     8M / 453M  INFO   Simplification           (parallel_processing.hpp   : 167)   Running Bulge remover
  0:00:06.688     8M / 453M  INFO   Simplification           (parallel_processing.hpp   : 170)   Bulge remover triggered 3 times
  0:00:06.688     8M / 453M  INFO   Simplification           (parallel_processing.hpp   : 167)   Running Low coverage edge remover
  0:00:06.688     8M / 453M  INFO   Simplification           (parallel_processing.hpp   : 170)   Low coverage edge remover triggered 26 times
  0:00:06.688     8M / 453M  INFO    General                 (simplification.cpp        : 373)   PROCEDURE == Simplification cycle, iteration 8
  0:00:06.688     8M / 453M  INFO   Simplification           (parallel_processing.hpp   : 167)   Running Tip clipper
  0:00:06.688     8M / 453M  INFO   Simplification           (parallel_processing.hpp   : 170)   Tip clipper triggered 0 times
  0:00:06.688     8M / 453M  INFO   Simplification           (parallel_processing.hpp   : 167)   Running Bulge remover
  0:00:06.688     8M / 453M  INFO   Simplification           (parallel_processing.hpp   : 170)   Bulge remover triggered 2 times
  0:00:06.688     8M / 453M  INFO   Simplification           (parallel_processing.hpp   : 167)   Running Low coverage edge remover
  0:00:06.689     8M / 453M  INFO   Simplification           (parallel_processing.hpp   : 170)   Low coverage edge remover triggered 31 times
  0:00:06.689     8M / 453M  INFO    General                 (simplification.cpp        : 373)   PROCEDURE == Simplification cycle, iteration 9
  0:00:06.689     8M / 453M  INFO   Simplification           (parallel_processing.hpp   : 167)   Running Tip clipper
  0:00:06.689     8M / 453M  INFO   Simplification           (parallel_processing.hpp   : 170)   Tip clipper triggered 0 times
  0:00:06.689     8M / 453M  INFO   Simplification           (parallel_processing.hpp   : 167)   Running Bulge remover
  0:00:06.689     8M / 453M  INFO   Simplification           (parallel_processing.hpp   : 170)   Bulge remover triggered 1 times
  0:00:06.689     8M / 453M  INFO   Simplification           (parallel_processing.hpp   : 167)   Running Low coverage edge remover
  0:00:06.689     8M / 453M  INFO   Simplification           (parallel_processing.hpp   : 170)   Low coverage edge remover triggered 23 times
  0:00:06.689     8M / 453M  INFO    General                 (simplification.cpp        : 373)   PROCEDURE == Simplification cycle, iteration 10
  0:00:06.689     8M / 453M  INFO   Simplification           (parallel_processing.hpp   : 167)   Running Tip clipper
  0:00:06.689     8M / 453M  INFO   Simplification           (parallel_processing.hpp   : 170)   Tip clipper triggered 0 times
  0:00:06.689     8M / 453M  INFO   Simplification           (parallel_processing.hpp   : 167)   Running Bulge remover
  0:00:06.689     8M / 453M  INFO   Simplification           (parallel_processing.hpp   : 170)   Bulge remover triggered 2 times
  0:00:06.689     8M / 453M  INFO   Simplification           (parallel_processing.hpp   : 167)   Running Low coverage edge remover
  0:00:06.689     8M / 453M  INFO   Simplification           (parallel_processing.hpp   : 170)   Low coverage edge remover triggered 16 times
  0:00:06.689     8M / 453M  INFO    General                 (simplification.cpp        : 373)   PROCEDURE == Simplification cycle, iteration 11
  0:00:06.689     8M / 453M  INFO   Simplification           (parallel_processing.hpp   : 167)   Running Tip clipper
  0:00:06.691     8M / 453M  INFO   Simplification           (parallel_processing.hpp   : 170)   Tip clipper triggered 2 times
  0:00:06.691     8M / 453M  INFO   Simplification           (parallel_processing.hpp   : 167)   Running Bulge remover
  0:00:06.693     8M / 453M  INFO   Simplification           (parallel_processing.hpp   : 170)   Bulge remover triggered 0 times
  0:00:06.693     8M / 453M  INFO   Simplification           (parallel_processing.hpp   : 167)   Running Low coverage edge remover
  0:00:06.694     8M / 453M  INFO   Simplification           (parallel_processing.hpp   : 170)   Low coverage edge remover triggered 0 times
  0:00:06.694     8M / 453M  INFO    General                 (simplification.cpp        : 373)   PROCEDURE == Simplification cycle, iteration 12
  0:00:06.694     8M / 453M  INFO   Simplification           (parallel_processing.hpp   : 167)   Running Tip clipper
  0:00:06.694     8M / 453M  INFO   Simplification           (parallel_processing.hpp   : 170)   Tip clipper triggered 0 times
  0:00:06.694     8M / 453M  INFO   Simplification           (parallel_processing.hpp   : 167)   Running Bulge remover
  0:00:06.694     8M / 453M  INFO   Simplification           (parallel_processing.hpp   : 170)   Bulge remover triggered 0 times
  0:00:06.694     8M / 453M  INFO   Simplification           (parallel_processing.hpp   : 167)   Running Low coverage edge remover
  0:00:06.694     8M / 453M  INFO   Simplification           (parallel_processing.hpp   : 170)   Low coverage edge remover triggered 0 times
  0:00:06.694     8M / 453M  INFO   StageManager             (stage.cpp                 : 185)   STAGE == Simplification Cleanup (id: simplification_cleanup)
  0:00:06.694     8M / 453M  INFO    General                 (simplification.cpp        : 176)   PROCEDURE == Post simplification
  0:00:06.694     8M / 453M  INFO    General                 (graph_simplification.hpp  : 448)   Disconnection of relatively low covered edges disabled
  0:00:06.694     8M / 453M  INFO    General                 (graph_simplification.hpp  : 485)   Complex tip clipping disabled
  0:00:06.694     8M / 453M  INFO    General                 (graph_simplification.hpp  : 634)   Creating parallel br instance
  0:00:06.694     8M / 453M  INFO   Simplification           (parallel_processing.hpp   : 167)   Running Tip clipper
  0:00:06.696     8M / 453M  INFO   Simplification           (parallel_processing.hpp   : 170)   Tip clipper triggered 0 times
  0:00:06.696     8M / 453M  INFO   Simplification           (parallel_processing.hpp   : 167)   Running Bulge remover
  0:00:06.697     8M / 453M  INFO   Simplification           (parallel_processing.hpp   : 170)   Bulge remover triggered 0 times
  0:00:06.697     8M / 453M  INFO   Simplification           (parallel_processing.hpp   : 167)   Running Tip clipper
  0:00:06.699     8M / 453M  INFO   Simplification           (parallel_processing.hpp   : 170)   Tip clipper triggered 0 times
  0:00:06.699     8M / 453M  INFO   Simplification           (parallel_processing.hpp   : 167)   Running Bulge remover
  0:00:06.701     8M / 453M  INFO   Simplification           (parallel_processing.hpp   : 170)   Bulge remover triggered 0 times
  0:00:06.701     8M / 453M  INFO    General                 (simplification.cpp        : 327)   Disrupting self-conjugate edges
  0:00:06.704     8M / 453M  INFO   Simplification           (parallel_processing.hpp   : 167)   Running Removing isolated edges
  0:00:06.711     8M / 453M  INFO   Simplification           (parallel_processing.hpp   : 170)   Removing isolated edges triggered 7365 times
  0:00:06.711     7M / 453M  INFO    General                 (simplification.cpp        : 495)   After simplification:
  0:00:06.711     7M / 453M  INFO    General                 (simplification.cpp        : 496)     Average coverage = 5.70092
  0:00:06.711     7M / 453M  INFO    General                 (simplification.cpp        : 497)     Total length = 2866973
  0:00:06.712     7M / 453M  INFO    General                 (simplification.cpp        : 498)     Median edge length: 540
  0:00:06.712     7M / 453M  INFO    General                 (simplification.cpp        : 499)     Edges: 13291
  0:00:06.712     7M / 453M  INFO    General                 (simplification.cpp        : 500)     Vertices: 23616
  0:00:06.712     7M / 453M  WARN    General                 (simplification.cpp        : 504)   The determined erroneous connection coverage threshold may be determined improperly
  0:00:06.712     7M / 453M  INFO   StageManager             (stage.cpp                 : 185)   STAGE == Contig Output (id: contig_output)
  0:00:06.713     7M / 453M  INFO    General                 (read_converter.cpp        : 107)   Outputting contigs to /gpfs01/home/jc428818/Placement/uce-tutorial/assemblies/gallus/K21/simplified_contigs
  0:00:06.719    10M / 453M  INFO    General                 (binary_converter.cpp      : 111)   6646 reads written
  0:00:06.721     7M / 453M  INFO    General                 (pipeline.cpp              : 287)   SPAdes finished
  0:00:06.724     1M / 453M  INFO    General                 (main.cpp                  : 136)   Assembling time: 0 hours 0 minutes 6 seconds

===== K21 finished. 


===== K33 started. 


== Running: /usr/libexec/spades/spades-core /gpfs01/home/jc428818/Placement/uce-tutorial/assemblies/gallus/K33/configs/config.info

  0:00:00.000     1M / 29M   INFO    General                 (main.cpp                  :  99)   Loaded config from /gpfs01/home/jc428818/Placement/uce-tutorial/assemblies/gallus/K33/configs/config.info
  0:00:00.000     1M / 29M   INFO    General                 (memory_limit.cpp          :  54)   Memory limit set to 250 Gb
  0:00:00.000     1M / 29M   INFO    General                 (main.cpp                  : 107)   Starting SPAdes, built from N/A, git revision N/A
  0:00:00.000     1M / 29M   INFO    General                 (main.cpp                  : 108)   Maximum k-mer length: 128
  0:00:00.000     1M / 29M   INFO    General                 (main.cpp                  : 109)   Assembling dataset (/gpfs01/home/jc428818/Placement/uce-tutorial/assemblies/gallus/dataset.info) with K=33
  0:00:00.000     1M / 29M   INFO    General                 (main.cpp                  : 110)   Maximum # of threads to use (adjusted due to OMP capabilities): 4
  0:00:00.000     1M / 29M   INFO    General                 (pipeline.cpp              : 212)   SPAdes started
  0:00:00.000     1M / 29M   INFO    General                 (pipeline.cpp              : 225)   Starting from stage: read_conversion
  0:00:00.000     1M / 29M   INFO    General                 (pipeline.cpp              : 231)   Two-step repeat resolution disabled
  0:00:00.000     1M / 29M   INFO   GraphCore                (graph_core.hpp            : 672)   Graph created, vertex min_id: 3, edge min_id: 3
  0:00:00.000     1M / 29M   INFO   GraphCore                (graph_core.hpp            : 673)   Vertex size: 48, edge size: 40
  0:00:00.000     1M / 29M   INFO    General                 (edge_index.hpp            : 113)   Size of edge index entries: 12/8
  0:00:00.000     1M / 29M   INFO   StageManager             (stage.cpp                 : 185)   STAGE == Binary Read Conversion (id: read_conversion)
  0:00:00.001     1M / 29M   INFO    General                 (read_converter.cpp        :  53)   Binary reads detected
  0:00:00.001     1M / 29M   INFO   StageManager             (stage.cpp                 : 185)   STAGE == de Bruijn graph construction (id: construction)
  0:00:00.001     1M / 29M   INFO    General                 (construction.cpp          : 118)   Contigs from previous K will be used: /gpfs01/home/jc428818/Placement/uce-tutorial/assemblies/gallus/K21/simplified_contigs
  0:00:00.002     1M / 29M   INFO    General                 (construction.cpp          : 153)   Max read length 251
  0:00:00.002     1M / 29M   INFO    General                 (construction.cpp          : 159)   Average read length 218.008
  0:00:00.002     1M / 29M   INFO    General                 (stage.cpp                 : 117)   PROCEDURE == k+1-mer counting (id: construction:kpomer_counting)
  0:00:00.002     1M / 29M   INFO    General                 (kmer_index_builder.hpp    : 243)   Splitting kmer instances into 40 files using 4 threads. This might take a while.
  0:00:00.003     1M / 29M   INFO    General                 (file_limit.hpp            :  42)   Open file limit set to 16384
  0:00:00.003     1M / 29M   INFO    General                 (kmer_splitter.hpp         :  93)   Memory available for splitting buffers: 20.8333 Gb
  0:00:00.003     1M / 29M   INFO    General                 (kmer_splitter.hpp         : 101)   Using cell size of 838860
  0:00:01.057  2401M / 2401M INFO    General                 (kmer_splitters.hpp        : 125)   Processed 210612 reads
  0:00:01.057     1M / 585M  INFO    General                 (kmer_splitters.hpp        : 131)   Used 210612 reads
  0:00:01.059     1M / 585M  INFO    General                 (kmer_index_builder.hpp    : 249)   Starting k-mer counting.
  0:00:01.115     1M / 585M  INFO    General                 (kmer_index_builder.hpp    : 260)   K-mer counting done. There are 4519344 kmers in total.
  0:00:01.115     1M / 585M  INFO    General                 (stage.cpp                 : 117)   PROCEDURE == Extension index construction (id: construction:extension_index_construction)
  0:00:01.117     1M / 585M  INFO   K-mer Index Building     (kmer_index_builder.hpp    : 438)   Building kmer index
  0:00:01.117     1M / 585M  INFO    General                 (kmer_index_builder.hpp    : 243)   Splitting kmer instances into 40 files using 4 threads. This might take a while.
  0:00:01.117     1M / 585M  INFO    General                 (file_limit.hpp            :  42)   Open file limit set to 16384
  0:00:01.117     1M / 585M  INFO    General                 (kmer_splitter.hpp         :  93)   Memory available for splitting buffers: 20.8333 Gb
  0:00:01.117     1M / 585M  INFO    General                 (kmer_splitter.hpp         : 101)   Using cell size of 838860
  0:00:01.715  2401M / 2401M INFO    General                 (kmer_splitters.hpp        : 194)   Processed 4519344 kmers
  0:00:01.715  2401M / 2401M INFO    General                 (kmer_splitters.hpp        : 199)   Used 4519344 kmers.
  0:00:01.715     1M / 585M  INFO    General                 (kmer_index_builder.hpp    : 249)   Starting k-mer counting.
  0:00:01.780     1M / 585M  INFO    General                 (kmer_index_builder.hpp    : 260)   K-mer counting done. There are 4530543 kmers in total.
  0:00:01.780     1M / 585M  INFO   K-mer Index Building     (kmer_index_builder.hpp    : 395)   Building perfect hash indices
  0:00:01.922     4M / 585M  INFO   K-mer Index Building     (kmer_index_builder.hpp    : 431)   Index built. Total 4530543 kmers, 3301936 bytes occupied (5.83053 bits per kmer).
  0:00:01.922     4M / 585M  INFO    General                 (kmer_index_builder.hpp    : 169)   Merging final buckets.
  0:00:01.994     9M / 585M  INFO   DeBruijnExtensionIndexBu (kmer_extension_index_build: 100)   Building k-mer extensions from k+1-mers
  0:00:02.552     9M / 585M  INFO   DeBruijnExtensionIndexBu (kmer_extension_index_build: 105)   Building k-mer extensions from k+1-mers finished.
  0:00:02.560     9M / 585M  INFO    General                 (stage.cpp                 : 117)   PROCEDURE == Early tip clipping (id: construction:early_tip_clipper)
  0:00:02.560     9M / 585M  INFO    General                 (construction.cpp          : 301)   Early tip clipper length bound set as (RL - K)
  0:00:02.560     9M / 585M  INFO   Early tip clipping       (early_simplification.hpp  :  47)   Early tip clipping
  0:00:02.852     9M / 585M  INFO   Early tip clipping       (early_simplification.hpp  :  82)   #tipped junctions: 5131
  0:00:02.853     9M / 585M  INFO   Early tip clipping       (early_simplification.hpp  :  93)   Clipped tips: 5170
  0:00:02.857     9M / 585M  INFO   Early tip clipping       (early_simplification.hpp  :  49)   212347 34-mers were removed by early tip clipper
  0:00:02.857     9M / 585M  INFO    General                 (stage.cpp                 : 117)   PROCEDURE == Condensing graph (id: construction:graph_condensing)
  0:00:02.858     9M / 585M  INFO   UnbranchingPathExtractor (debruijn_graph_constructor: 354)   Extracting unbranching paths
  0:00:03.268    11M / 585M  INFO   UnbranchingPathExtractor (debruijn_graph_constructor: 373)   Extracting unbranching paths finished. 23231 sequences extracted
  0:00:03.562    11M / 585M  INFO   UnbranchingPathExtractor (debruijn_graph_constructor: 309)   Collecting perfect loops
  0:00:03.674    11M / 585M  INFO   UnbranchingPathExtractor (debruijn_graph_constructor: 342)   Collecting perfect loops finished. 54 loops collected
  0:00:03.679    11M / 585M  INFO    General                 (debruijn_graph_constructor: 487)   Total 46570 edges to create
  0:00:03.679    13M / 585M  INFO    General                 (debruijn_graph_constructor: 489)   Collecting link records
  0:00:03.692    13M / 585M  INFO    General                 (debruijn_graph_constructor: 491)   Ordering link records
  0:00:03.694    13M / 585M  INFO    General                 (debruijn_graph_constructor: 493)   Sorting done
  0:00:03.694    14M / 585M  INFO    General                 (debruijn_graph_constructor: 503)   Total 34484 vertices to create
  0:00:03.694    17M / 585M  INFO    General                 (debruijn_graph_constructor: 506)   Connecting the graph
  0:00:03.716    15M / 585M  INFO    General                 (stage.cpp                 : 117)   PROCEDURE == Filling coverage indices (PHM) (id: construction:coverage_filling_phm)
  0:00:03.716    15M / 585M  INFO   K-mer Index Building     (kmer_index_builder.hpp    : 395)   Building perfect hash indices
  0:00:03.840    19M / 585M  INFO   K-mer Index Building     (kmer_index_builder.hpp    : 431)   Index built. Total 4519344 kmers, 3293936 bytes occupied (5.83082 bits per kmer).
  0:00:03.843    37M / 585M  INFO    General                 (coverage_hash_map_builder.:  47)   Collecting k-mer coverage information from reads, this takes a while.
  0:00:04.703    37M / 585M  INFO    General                 (construction.cpp          : 430)   Filling coverage and flanking coverage from PHM
  0:00:05.124    37M / 585M  INFO    General                 (coverage_filling.hpp      :  82)   Processed 46569 edges
  0:00:05.154     7M / 585M  INFO   StageManager             (stage.cpp                 : 185)   STAGE == EC Threshold Finding (id: ec_threshold_finder)
  0:00:05.154     7M / 585M  INFO    General                 (kmer_coverage_model.cpp   : 181)   Kmer coverage valley at: 43
  0:00:05.154     7M / 585M  INFO    General                 (kmer_coverage_model.cpp   : 201)   K-mer histogram maximum: 44
  0:00:05.154     7M / 585M  WARN    General                 (kmer_coverage_model.cpp   : 218)   Too many erroneous kmers, the estimates might be unreliable
  0:00:05.154     7M / 585M  INFO    General                 (kmer_coverage_model.cpp   : 237)   Estimated median coverage: 44. Coverage mad: 21.9905
  0:00:05.154     7M / 585M  INFO    General                 (kmer_coverage_model.cpp   : 259)   Fitting coverage model
  0:00:05.165     7M / 585M  INFO    General                 (kmer_coverage_model.cpp   : 295)   ... iteration 2
  0:00:05.198     7M / 585M  INFO    General                 (kmer_coverage_model.cpp   : 295)   ... iteration 4
  0:00:05.321     7M / 585M  INFO    General                 (kmer_coverage_model.cpp   : 295)   ... iteration 8
  0:00:05.502     7M / 585M  INFO    General                 (kmer_coverage_model.cpp   : 295)   ... iteration 16
  0:00:05.735     7M / 585M  INFO    General                 (kmer_coverage_model.cpp   : 295)   ... iteration 32
  0:00:06.039     7M / 585M  INFO    General                 (kmer_coverage_model.cpp   : 295)   ... iteration 64
  0:00:06.189     7M / 585M  INFO    General                 (kmer_coverage_model.cpp   : 309)   Fitted mean coverage: 19.5536. Fitted coverage std. dev: 8.55333
  0:00:06.189     7M / 585M  WARN    General                 (kmer_coverage_model.cpp   : 327)   Valley value was estimated improperly, reset to 10
  0:00:06.189     7M / 585M  INFO    General                 (kmer_coverage_model.cpp   : 334)   Probability of erroneous kmer at valley: 0.818563
  0:00:06.189     7M / 585M  WARN    General                 (kmer_coverage_model.cpp   : 366)   Failed to determine erroneous kmer threshold. Threshold set to: 10
  0:00:06.189     7M / 585M  INFO    General                 (kmer_coverage_model.cpp   : 375)   Estimated genome size (ignoring repeats): 468216
  0:00:06.189     7M / 585M  INFO    General                 (genomic_info_filler.cpp   :  57)   Failed to estimate mean coverage
  0:00:06.189     7M / 585M  INFO    General                 (genomic_info_filler.cpp   :  70)   EC coverage threshold value was calculated as 10
  0:00:06.189     7M / 585M  INFO    General                 (genomic_info_filler.cpp   :  71)   Trusted kmer low bound: 0
  0:00:06.189     7M / 585M  INFO   StageManager             (stage.cpp                 : 185)   STAGE == Raw Simplification (id: raw_simplification)
  0:00:06.189     7M / 585M  INFO    General                 (simplification.cpp        : 127)   PROCEDURE == Initial cleaning
  0:00:06.189     7M / 585M  INFO    General                 (simplification.cpp        :  66)   Most init cleaning disabled since detected mean 0 was less than activation coverage 10
  0:00:06.189     7M / 585M  INFO   Simplification           (parallel_processing.hpp   : 167)   Running Self conjugate edge remover
  0:00:06.191     7M / 585M  INFO   Simplification           (parallel_processing.hpp   : 170)   Self conjugate edge remover triggered 0 times
  0:00:06.191     7M / 585M  INFO   StageManager             (stage.cpp                 : 185)   STAGE == Simplification (id: simplification)
  0:00:06.191     7M / 585M  INFO    General                 (simplification.cpp        : 368)   Graph simplification started
  0:00:06.191     7M / 585M  INFO    General                 (graph_simplification.hpp  : 634)   Creating parallel br instance
  0:00:06.191     7M / 585M  INFO    General                 (simplification.cpp        : 373)   PROCEDURE == Simplification cycle, iteration 1
  0:00:06.191     7M / 585M  INFO   Simplification           (parallel_processing.hpp   : 167)   Running Tip clipper
  0:00:06.197     7M / 585M  INFO   Simplification           (parallel_processing.hpp   : 170)   Tip clipper triggered 648 times
  0:00:06.197     7M / 585M  INFO   Simplification           (parallel_processing.hpp   : 167)   Running Bulge remover
  0:00:06.227     7M / 585M  INFO   Simplification           (parallel_processing.hpp   : 170)   Bulge remover triggered 1906 times
  0:00:06.228     7M / 585M  INFO   Simplification           (parallel_processing.hpp   : 167)   Running Low coverage edge remover
  0:00:06.231     8M / 585M  INFO   Simplification           (parallel_processing.hpp   : 170)   Low coverage edge remover triggered 357 times
  0:00:06.231     8M / 585M  INFO    General                 (simplification.cpp        : 373)   PROCEDURE == Simplification cycle, iteration 2
  0:00:06.231     8M / 585M  INFO   Simplification           (parallel_processing.hpp   : 167)   Running Tip clipper
  0:00:06.233     7M / 585M  INFO   Simplification           (parallel_processing.hpp   : 170)   Tip clipper triggered 153 times
  0:00:06.233     7M / 585M  INFO   Simplification           (parallel_processing.hpp   : 167)   Running Bulge remover
  0:00:06.234     7M / 585M  INFO   Simplification           (parallel_processing.hpp   : 170)   Bulge remover triggered 36 times
  0:00:06.234     7M / 585M  INFO   Simplification           (parallel_processing.hpp   : 167)   Running Low coverage edge remover
  0:00:06.235     7M / 585M  INFO   Simplification           (parallel_processing.hpp   : 170)   Low coverage edge remover triggered 186 times
  0:00:06.235     7M / 585M  INFO    General                 (simplification.cpp        : 373)   PROCEDURE == Simplification cycle, iteration 3
  0:00:06.235     7M / 585M  INFO   Simplification           (parallel_processing.hpp   : 167)   Running Tip clipper
  0:00:06.235     7M / 585M  INFO   Simplification           (parallel_processing.hpp   : 170)   Tip clipper triggered 15 times
  0:00:06.235     7M / 585M  INFO   Simplification           (parallel_processing.hpp   : 167)   Running Bulge remover
  0:00:06.237     7M / 585M  INFO   Simplification           (parallel_processing.hpp   : 170)   Bulge remover triggered 14 times
  0:00:06.237     7M / 585M  INFO   Simplification           (parallel_processing.hpp   : 167)   Running Low coverage edge remover
  0:00:06.237     7M / 585M  INFO   Simplification           (parallel_processing.hpp   : 170)   Low coverage edge remover triggered 47 times
  0:00:06.237     7M / 585M  INFO    General                 (simplification.cpp        : 373)   PROCEDURE == Simplification cycle, iteration 4
  0:00:06.237     7M / 585M  INFO   Simplification           (parallel_processing.hpp   : 167)   Running Tip clipper
  0:00:06.237     7M / 585M  INFO   Simplification           (parallel_processing.hpp   : 170)   Tip clipper triggered 4 times
  0:00:06.237     7M / 585M  INFO   Simplification           (parallel_processing.hpp   : 167)   Running Bulge remover
  0:00:06.237     7M / 585M  INFO   Simplification           (parallel_processing.hpp   : 170)   Bulge remover triggered 5 times
  0:00:06.237     7M / 585M  INFO   Simplification           (parallel_processing.hpp   : 167)   Running Low coverage edge remover
  0:00:06.238     7M / 585M  INFO   Simplification           (parallel_processing.hpp   : 170)   Low coverage edge remover triggered 20 times
  0:00:06.238     7M / 585M  INFO    General                 (simplification.cpp        : 373)   PROCEDURE == Simplification cycle, iteration 5
  0:00:06.238     7M / 585M  INFO   Simplification           (parallel_processing.hpp   : 167)   Running Tip clipper
  0:00:06.238     7M / 585M  INFO   Simplification           (parallel_processing.hpp   : 170)   Tip clipper triggered 2 times
  0:00:06.238     7M / 585M  INFO   Simplification           (parallel_processing.hpp   : 167)   Running Bulge remover
  0:00:06.238     7M / 585M  INFO   Simplification           (parallel_processing.hpp   : 170)   Bulge remover triggered 1 times
  0:00:06.238     7M / 585M  INFO   Simplification           (parallel_processing.hpp   : 167)   Running Low coverage edge remover
  0:00:06.238     7M / 585M  INFO   Simplification           (parallel_processing.hpp   : 170)   Low coverage edge remover triggered 21 times
  0:00:06.238     7M / 585M  INFO    General                 (simplification.cpp        : 373)   PROCEDURE == Simplification cycle, iteration 6
  0:00:06.238     7M / 585M  INFO   Simplification           (parallel_processing.hpp   : 167)   Running Tip clipper
  0:00:06.238     7M / 585M  INFO   Simplification           (parallel_processing.hpp   : 170)   Tip clipper triggered 0 times
  0:00:06.238     7M / 585M  INFO   Simplification           (parallel_processing.hpp   : 167)   Running Bulge remover
  0:00:06.238     7M / 585M  INFO   Simplification           (parallel_processing.hpp   : 170)   Bulge remover triggered 4 times
  0:00:06.238     7M / 585M  INFO   Simplification           (parallel_processing.hpp   : 167)   Running Low coverage edge remover
  0:00:06.238     7M / 585M  INFO   Simplification           (parallel_processing.hpp   : 170)   Low coverage edge remover triggered 11 times
  0:00:06.238     7M / 585M  INFO    General                 (simplification.cpp        : 373)   PROCEDURE == Simplification cycle, iteration 7
  0:00:06.238     7M / 585M  INFO   Simplification           (parallel_processing.hpp   : 167)   Running Tip clipper
  0:00:06.238     7M / 585M  INFO   Simplification           (parallel_processing.hpp   : 170)   Tip clipper triggered 0 times
  0:00:06.238     7M / 585M  INFO   Simplification           (parallel_processing.hpp   : 167)   Running Bulge remover
  0:00:06.238     7M / 585M  INFO   Simplification           (parallel_processing.hpp   : 170)   Bulge remover triggered 1 times
  0:00:06.238     7M / 585M  INFO   Simplification           (parallel_processing.hpp   : 167)   Running Low coverage edge remover
  0:00:06.238     7M / 585M  INFO   Simplification           (parallel_processing.hpp   : 170)   Low coverage edge remover triggered 11 times
  0:00:06.238     7M / 585M  INFO    General                 (simplification.cpp        : 373)   PROCEDURE == Simplification cycle, iteration 8
  0:00:06.238     7M / 585M  INFO   Simplification           (parallel_processing.hpp   : 167)   Running Tip clipper
  0:00:06.238     7M / 585M  INFO   Simplification           (parallel_processing.hpp   : 170)   Tip clipper triggered 0 times
  0:00:06.238     7M / 585M  INFO   Simplification           (parallel_processing.hpp   : 167)   Running Bulge remover
  0:00:06.238     7M / 585M  INFO   Simplification           (parallel_processing.hpp   : 170)   Bulge remover triggered 2 times
  0:00:06.238     7M / 585M  INFO   Simplification           (parallel_processing.hpp   : 167)   Running Low coverage edge remover
  0:00:06.239     7M / 585M  INFO   Simplification           (parallel_processing.hpp   : 170)   Low coverage edge remover triggered 4 times
  0:00:06.239     7M / 585M  INFO    General                 (simplification.cpp        : 373)   PROCEDURE == Simplification cycle, iteration 9
  0:00:06.239     7M / 585M  INFO   Simplification           (parallel_processing.hpp   : 167)   Running Tip clipper
  0:00:06.239     7M / 585M  INFO   Simplification           (parallel_processing.hpp   : 170)   Tip clipper triggered 0 times
  0:00:06.239     7M / 585M  INFO   Simplification           (parallel_processing.hpp   : 167)   Running Bulge remover
  0:00:06.239     7M / 585M  INFO   Simplification           (parallel_processing.hpp   : 170)   Bulge remover triggered 1 times
  0:00:06.239     7M / 585M  INFO   Simplification           (parallel_processing.hpp   : 167)   Running Low coverage edge remover
  0:00:06.239     7M / 585M  INFO   Simplification           (parallel_processing.hpp   : 170)   Low coverage edge remover triggered 7 times
  0:00:06.239     7M / 585M  INFO    General                 (simplification.cpp        : 373)   PROCEDURE == Simplification cycle, iteration 10
  0:00:06.239     7M / 585M  INFO   Simplification           (parallel_processing.hpp   : 167)   Running Tip clipper
  0:00:06.239     7M / 585M  INFO   Simplification           (parallel_processing.hpp   : 170)   Tip clipper triggered 0 times
  0:00:06.239     7M / 585M  INFO   Simplification           (parallel_processing.hpp   : 167)   Running Bulge remover
  0:00:06.239     7M / 585M  INFO   Simplification           (parallel_processing.hpp   : 170)   Bulge remover triggered 1 times
  0:00:06.239     7M / 585M  INFO   Simplification           (parallel_processing.hpp   : 167)   Running Low coverage edge remover
  0:00:06.239     7M / 585M  INFO   Simplification           (parallel_processing.hpp   : 170)   Low coverage edge remover triggered 2 times
  0:00:06.239     7M / 585M  INFO    General                 (simplification.cpp        : 373)   PROCEDURE == Simplification cycle, iteration 11
  0:00:06.239     7M / 585M  INFO   Simplification           (parallel_processing.hpp   : 167)   Running Tip clipper
  0:00:06.240     7M / 585M  INFO   Simplification           (parallel_processing.hpp   : 170)   Tip clipper triggered 0 times
  0:00:06.240     7M / 585M  INFO   Simplification           (parallel_processing.hpp   : 167)   Running Bulge remover
  0:00:06.241     7M / 585M  INFO   Simplification           (parallel_processing.hpp   : 170)   Bulge remover triggered 0 times
  0:00:06.241     7M / 585M  INFO   Simplification           (parallel_processing.hpp   : 167)   Running Low coverage edge remover
  0:00:06.242     7M / 585M  INFO   Simplification           (parallel_processing.hpp   : 170)   Low coverage edge remover triggered 0 times
  0:00:06.243     7M / 585M  INFO   StageManager             (stage.cpp                 : 185)   STAGE == Simplification Cleanup (id: simplification_cleanup)
  0:00:06.243     7M / 585M  INFO    General                 (simplification.cpp        : 176)   PROCEDURE == Post simplification
  0:00:06.243     7M / 585M  INFO    General                 (graph_simplification.hpp  : 448)   Disconnection of relatively low covered edges disabled
  0:00:06.243     7M / 585M  INFO    General                 (graph_simplification.hpp  : 485)   Complex tip clipping disabled
  0:00:06.243     7M / 585M  INFO    General                 (graph_simplification.hpp  : 634)   Creating parallel br instance
  0:00:06.243     7M / 585M  INFO   Simplification           (parallel_processing.hpp   : 167)   Running Tip clipper
  0:00:06.245     7M / 585M  INFO   Simplification           (parallel_processing.hpp   : 170)   Tip clipper triggered 0 times
  0:00:06.245     7M / 585M  INFO   Simplification           (parallel_processing.hpp   : 167)   Running Bulge remover
  0:00:06.246     7M / 585M  INFO   Simplification           (parallel_processing.hpp   : 170)   Bulge remover triggered 0 times
  0:00:06.246     7M / 585M  INFO   Simplification           (parallel_processing.hpp   : 167)   Running Tip clipper
  0:00:06.247     7M / 585M  INFO   Simplification           (parallel_processing.hpp   : 170)   Tip clipper triggered 0 times
  0:00:06.247     7M / 585M  INFO   Simplification           (parallel_processing.hpp   : 167)   Running Bulge remover
  0:00:06.248     7M / 585M  INFO   Simplification           (parallel_processing.hpp   : 170)   Bulge remover triggered 0 times
  0:00:06.248     7M / 585M  INFO    General                 (simplification.cpp        : 327)   Disrupting self-conjugate edges
  0:00:06.250     7M / 585M  INFO   Simplification           (parallel_processing.hpp   : 167)   Running Removing isolated edges
  0:00:06.258     7M / 585M  INFO   Simplification           (parallel_processing.hpp   : 170)   Removing isolated edges triggered 8293 times
  0:00:06.258     7M / 585M  INFO    General                 (simplification.cpp        : 495)   After simplification:
  0:00:06.258     7M / 585M  INFO    General                 (simplification.cpp        : 496)     Average coverage = 5.45628
  0:00:06.259     7M / 585M  INFO    General                 (simplification.cpp        : 497)     Total length = 2802811
  0:00:06.259     7M / 585M  INFO    General                 (simplification.cpp        : 498)     Median edge length: 561
  0:00:06.259     7M / 585M  INFO    General                 (simplification.cpp        : 499)     Edges: 11674
  0:00:06.259     7M / 585M  INFO    General                 (simplification.cpp        : 500)     Vertices: 22760
  0:00:06.259     7M / 585M  WARN    General                 (simplification.cpp        : 504)   The determined erroneous connection coverage threshold may be determined improperly
  0:00:06.259     7M / 585M  INFO   StageManager             (stage.cpp                 : 185)   STAGE == Contig Output (id: contig_output)
  0:00:06.260     7M / 585M  INFO    General                 (read_converter.cpp        : 107)   Outputting contigs to /gpfs01/home/jc428818/Placement/uce-tutorial/assemblies/gallus/K33/simplified_contigs
  0:00:06.266     9M / 585M  INFO    General                 (binary_converter.cpp      : 111)   5837 reads written
  0:00:06.268     7M / 585M  INFO    General                 (pipeline.cpp              : 287)   SPAdes finished
  0:00:06.271     1M / 585M  INFO    General                 (main.cpp                  : 136)   Assembling time: 0 hours 0 minutes 6 seconds

===== K33 finished. 


===== K55 started. 


== Running: /usr/libexec/spades/spades-core /gpfs01/home/jc428818/Placement/uce-tutorial/assemblies/gallus/K55/configs/config.info

  0:00:00.000     1M / 29M   INFO    General                 (main.cpp                  :  99)   Loaded config from /gpfs01/home/jc428818/Placement/uce-tutorial/assemblies/gallus/K55/configs/config.info
  0:00:00.000     1M / 29M   INFO    General                 (memory_limit.cpp          :  54)   Memory limit set to 250 Gb
  0:00:00.000     1M / 29M   INFO    General                 (main.cpp                  : 107)   Starting SPAdes, built from N/A, git revision N/A
  0:00:00.000     1M / 29M   INFO    General                 (main.cpp                  : 108)   Maximum k-mer length: 128
  0:00:00.000     1M / 29M   INFO    General                 (main.cpp                  : 109)   Assembling dataset (/gpfs01/home/jc428818/Placement/uce-tutorial/assemblies/gallus/dataset.info) with K=55
  0:00:00.000     1M / 29M   INFO    General                 (main.cpp                  : 110)   Maximum # of threads to use (adjusted due to OMP capabilities): 4
  0:00:00.000     1M / 29M   INFO    General                 (pipeline.cpp              : 212)   SPAdes started
  0:00:00.000     1M / 29M   INFO    General                 (pipeline.cpp              : 225)   Starting from stage: read_conversion
  0:00:00.000     1M / 29M   INFO    General                 (pipeline.cpp              : 231)   Two-step repeat resolution disabled
  0:00:00.000     1M / 29M   INFO   GraphCore                (graph_core.hpp            : 672)   Graph created, vertex min_id: 3, edge min_id: 3
  0:00:00.000     1M / 29M   INFO   GraphCore                (graph_core.hpp            : 673)   Vertex size: 48, edge size: 40
  0:00:00.000     1M / 29M   INFO    General                 (edge_index.hpp            : 113)   Size of edge index entries: 12/8
  0:00:00.000     1M / 29M   INFO    General                 (pipeline.cpp              : 242)   Will need read mapping, kmer mapper will be attached
  0:00:00.000     1M / 29M   INFO   StageManager             (stage.cpp                 : 185)   STAGE == Binary Read Conversion (id: read_conversion)
  0:00:00.001     1M / 29M   INFO    General                 (read_converter.cpp        :  53)   Binary reads detected
  0:00:00.002     1M / 29M   INFO   StageManager             (stage.cpp                 : 185)   STAGE == de Bruijn graph construction (id: construction)
  0:00:00.002     1M / 29M   INFO    General                 (construction.cpp          : 118)   Contigs from previous K will be used: /gpfs01/home/jc428818/Placement/uce-tutorial/assemblies/gallus/K33/simplified_contigs
  0:00:00.004     1M / 29M   INFO    General                 (construction.cpp          : 153)   Max read length 251
  0:00:00.004     1M / 29M   INFO    General                 (construction.cpp          : 159)   Average read length 218.008
  0:00:00.004     1M / 29M   INFO    General                 (stage.cpp                 : 117)   PROCEDURE == k+1-mer counting (id: construction:kpomer_counting)
  0:00:00.004     1M / 29M   INFO    General                 (kmer_index_builder.hpp    : 243)   Splitting kmer instances into 40 files using 4 threads. This might take a while.
  0:00:00.005     1M / 29M   INFO    General                 (file_limit.hpp            :  42)   Open file limit set to 16384
  0:00:00.005     1M / 29M   INFO    General                 (kmer_splitter.hpp         :  93)   Memory available for splitting buffers: 20.8333 Gb
  0:00:00.005     1M / 29M   INFO    General                 (kmer_splitter.hpp         : 101)   Using cell size of 838860
  0:00:00.889  2401M / 2401M INFO    General                 (kmer_splitters.hpp        : 125)   Processed 208994 reads
  0:00:00.889     1M / 372M  INFO    General                 (kmer_splitters.hpp        : 131)   Used 208994 reads
  0:00:00.890     1M / 372M  INFO    General                 (kmer_index_builder.hpp    : 249)   Starting k-mer counting.
  0:00:00.962     1M / 372M  INFO    General                 (kmer_index_builder.hpp    : 260)   K-mer counting done. There are 4243787 kmers in total.
  0:00:00.962     1M / 372M  INFO    General                 (stage.cpp                 : 117)   PROCEDURE == Extension index construction (id: construction:extension_index_construction)
  0:00:00.965     1M / 372M  INFO   K-mer Index Building     (kmer_index_builder.hpp    : 438)   Building kmer index
  0:00:00.965     1M / 372M  INFO    General                 (kmer_index_builder.hpp    : 243)   Splitting kmer instances into 40 files using 4 threads. This might take a while.
  0:00:00.965     1M / 372M  INFO    General                 (file_limit.hpp            :  42)   Open file limit set to 16384
  0:00:00.965     1M / 372M  INFO    General                 (kmer_splitter.hpp         :  93)   Memory available for splitting buffers: 20.8333 Gb
  0:00:00.965     1M / 372M  INFO    General                 (kmer_splitter.hpp         : 101)   Using cell size of 838860
  0:00:01.518  2401M / 2401M INFO    General                 (kmer_splitters.hpp        : 194)   Processed 4243787 kmers
  0:00:01.518  2401M / 2401M INFO    General                 (kmer_splitters.hpp        : 199)   Used 4243787 kmers.
  0:00:01.518     1M / 437M  INFO    General                 (kmer_index_builder.hpp    : 249)   Starting k-mer counting.
  0:00:01.583     1M / 437M  INFO    General                 (kmer_index_builder.hpp    : 260)   K-mer counting done. There are 4256904 kmers in total.
  0:00:01.583     1M / 437M  INFO   K-mer Index Building     (kmer_index_builder.hpp    : 395)   Building perfect hash indices
  0:00:01.714     4M / 437M  INFO   K-mer Index Building     (kmer_index_builder.hpp    : 431)   Index built. Total 4256904 kmers, 3104528 bytes occupied (5.83434 bits per kmer).
  0:00:01.714     4M / 437M  INFO    General                 (kmer_index_builder.hpp    : 169)   Merging final buckets.
  0:00:01.786     8M / 437M  INFO   DeBruijnExtensionIndexBu (kmer_extension_index_build: 100)   Building k-mer extensions from k+1-mers
  0:00:02.259     8M / 437M  INFO   DeBruijnExtensionIndexBu (kmer_extension_index_build: 105)   Building k-mer extensions from k+1-mers finished.
  0:00:02.263     8M / 437M  INFO    General                 (stage.cpp                 : 117)   PROCEDURE == Condensing graph (id: construction:graph_condensing)
  0:00:02.265     8M / 437M  INFO   UnbranchingPathExtractor (debruijn_graph_constructor: 354)   Extracting unbranching paths
  0:00:02.766    11M / 437M  INFO   UnbranchingPathExtractor (debruijn_graph_constructor: 373)   Extracting unbranching paths finished. 29339 sequences extracted
  0:00:03.082    11M / 437M  INFO   UnbranchingPathExtractor (debruijn_graph_constructor: 309)   Collecting perfect loops
  0:00:03.182    11M / 437M  INFO   UnbranchingPathExtractor (debruijn_graph_constructor: 342)   Collecting perfect loops finished. 2 loops collected
  0:00:03.187    11M / 437M  INFO    General                 (debruijn_graph_constructor: 487)   Total 58682 edges to create
  0:00:03.187    13M / 437M  INFO    General                 (debruijn_graph_constructor: 489)   Collecting link records
  0:00:03.206    14M / 437M  INFO    General                 (debruijn_graph_constructor: 491)   Ordering link records
  0:00:03.207    14M / 437M  INFO    General                 (debruijn_graph_constructor: 493)   Sorting done
  0:00:03.208    14M / 437M  INFO    General                 (debruijn_graph_constructor: 503)   Total 42458 vertices to create
  0:00:03.208    18M / 437M  INFO    General                 (debruijn_graph_constructor: 506)   Connecting the graph
  0:00:03.243    16M / 437M  INFO    General                 (stage.cpp                 : 117)   PROCEDURE == Filling coverage indices (PHM) (id: construction:coverage_filling_phm)
  0:00:03.243    16M / 437M  INFO   K-mer Index Building     (kmer_index_builder.hpp    : 395)   Building perfect hash indices
  0:00:03.357    20M / 437M  INFO   K-mer Index Building     (kmer_index_builder.hpp    : 431)   Index built. Total 4243787 kmers, 3095072 bytes occupied (5.83455 bits per kmer).
  0:00:03.361    37M / 437M  INFO    General                 (coverage_hash_map_builder.:  47)   Collecting k-mer coverage information from reads, this takes a while.
  0:00:04.123    37M / 437M  INFO    General                 (construction.cpp          : 430)   Filling coverage and flanking coverage from PHM
  0:00:04.512    37M / 437M  INFO    General                 (coverage_filling.hpp      :  82)   Processed 58682 edges
  0:00:04.546     9M / 437M  INFO   StageManager             (stage.cpp                 : 185)   STAGE == EC Threshold Finding (id: ec_threshold_finder)
  0:00:04.546     9M / 437M  INFO    General                 (kmer_coverage_model.cpp   : 181)   Kmer coverage valley at: 58
  0:00:04.546     9M / 437M  INFO    General                 (kmer_coverage_model.cpp   : 201)   K-mer histogram maximum: 60
  0:00:04.546     9M / 437M  INFO    General                 (kmer_coverage_model.cpp   : 237)   Estimated median coverage: 61. Coverage mad: 2.9652
  0:00:04.546     9M / 437M  INFO    General                 (kmer_coverage_model.cpp   : 259)   Fitting coverage model
  0:00:04.557     9M / 437M  INFO    General                 (kmer_coverage_model.cpp   : 295)   ... iteration 2
  0:00:04.574     9M / 437M  INFO    General                 (kmer_coverage_model.cpp   : 295)   ... iteration 4
  0:00:04.614     9M / 437M  INFO    General                 (kmer_coverage_model.cpp   : 295)   ... iteration 8
  0:00:04.706     9M / 437M  INFO    General                 (kmer_coverage_model.cpp   : 295)   ... iteration 16
  0:00:05.114     9M / 437M  INFO    General                 (kmer_coverage_model.cpp   : 295)   ... iteration 32
  0:00:05.757     9M / 437M  INFO    General                 (kmer_coverage_model.cpp   : 295)   ... iteration 64
  0:00:05.880     9M / 437M  INFO    General                 (kmer_coverage_model.cpp   : 309)   Fitted mean coverage: 18.2299. Fitted coverage std. dev: 8.4843
  0:00:05.880     9M / 437M  WARN    General                 (kmer_coverage_model.cpp   : 327)   Valley value was estimated improperly, reset to 3
  0:00:05.881     9M / 437M  INFO    General                 (kmer_coverage_model.cpp   : 334)   Probability of erroneous kmer at valley: 1
  0:00:05.881     9M / 437M  WARN    General                 (kmer_coverage_model.cpp   : 366)   Failed to determine erroneous kmer threshold. Threshold set to: 3
  0:00:05.881     9M / 437M  INFO    General                 (kmer_coverage_model.cpp   : 375)   Estimated genome size (ignoring repeats): 1285049
  0:00:05.881     9M / 437M  INFO    General                 (genomic_info_filler.cpp   :  57)   Failed to estimate mean coverage
  0:00:05.881     9M / 437M  INFO    General                 (genomic_info_filler.cpp   :  70)   EC coverage threshold value was calculated as 3
  0:00:05.881     9M / 437M  INFO    General                 (genomic_info_filler.cpp   :  71)   Trusted kmer low bound: 0
  0:00:05.881     9M / 437M  INFO   StageManager             (stage.cpp                 : 185)   STAGE == Gap Closer (id: early_gapcloser)
  0:00:05.884    18M / 437M  INFO    General                 (edge_index.hpp            : 113)   Size of edge index entries: 12/8
  0:00:05.895    19M / 437M  INFO    General                 (gap_closer.cpp            : 101)   Total edges in tip neighborhood: 42084 out of 58682, length: 6961678
  0:00:05.897    19M / 437M  INFO    General                 (edge_index.hpp            : 167)   Using small index (max_id = 58978)
  0:00:05.940    19M / 437M  INFO   K-mer Index Building     (kmer_index_builder.hpp    : 395)   Building perfect hash indices
  0:00:06.386    22M / 437M  INFO   K-mer Index Building     (kmer_index_builder.hpp    : 431)   Index built. Total 4045835 kmers, 2922880 bytes occupied (5.77953 bits per kmer).
  0:00:06.393    53M / 437M  INFO    General                 (edge_index_builders.hpp   : 265)   Collecting edge information from graph, this takes a while.
  0:00:06.787    54M / 437M  INFO    General                 (sequence_mapper_notifier.h:  95)   Total 49229 reads processed
  0:00:06.806    20M / 437M  INFO    General                 (gap_closer.cpp            : 452)   Initializing gap closer
  0:00:06.806    20M / 437M  INFO   GapCloser                (gap_closer.cpp            : 359)   Closing short gaps
  0:00:06.832    20M / 437M  INFO   GapCloser                (gap_closer.cpp            : 391)   Closing short gaps complete: filled 17 gaps after checking 4346 candidates
  0:00:06.833    20M / 437M  INFO    General                 (gap_closer.cpp            : 456)   Gap closer done
  0:00:06.835     9M / 437M  INFO   StageManager             (stage.cpp                 : 185)   STAGE == Raw Simplification (id: raw_simplification)
  0:00:06.835     9M / 437M  INFO    General                 (simplification.cpp        : 127)   PROCEDURE == Initial cleaning
  0:00:06.835     9M / 437M  INFO    General                 (simplification.cpp        :  66)   Most init cleaning disabled since detected mean 0 was less than activation coverage 10
  0:00:06.835     9M / 437M  INFO   Simplification           (parallel_processing.hpp   : 167)   Running Self conjugate edge remover
  0:00:06.838     9M / 437M  INFO   Simplification           (parallel_processing.hpp   : 170)   Self conjugate edge remover triggered 0 times
  0:00:06.838     9M / 437M  INFO   StageManager             (stage.cpp                 : 185)   STAGE == Simplification (id: simplification)
  0:00:06.838     9M / 437M  INFO    General                 (simplification.cpp        : 368)   Graph simplification started
  0:00:06.838     9M / 437M  INFO    General                 (graph_simplification.hpp  : 634)   Creating parallel br instance
  0:00:06.838     9M / 437M  INFO    General                 (simplification.cpp        : 373)   PROCEDURE == Simplification cycle, iteration 1
  0:00:06.838     9M / 437M  INFO   Simplification           (parallel_processing.hpp   : 167)   Running Tip clipper
  0:00:06.867     9M / 437M  INFO   Simplification           (parallel_processing.hpp   : 170)   Tip clipper triggered 5525 times
  0:00:06.868     9M / 437M  INFO   Simplification           (parallel_processing.hpp   : 167)   Running Bulge remover
  0:00:06.940    14M / 437M  INFO   Simplification           (parallel_processing.hpp   : 170)   Bulge remover triggered 1043 times
  0:00:06.940    14M / 437M  INFO   Simplification           (parallel_processing.hpp   : 167)   Running Low coverage edge remover
  0:00:06.943    14M / 437M  INFO   Simplification           (parallel_processing.hpp   : 170)   Low coverage edge remover triggered 16 times
  0:00:06.943    14M / 437M  INFO    General                 (simplification.cpp        : 373)   PROCEDURE == Simplification cycle, iteration 2
  0:00:06.943    14M / 437M  INFO   Simplification           (parallel_processing.hpp   : 167)   Running Tip clipper
  0:00:06.943    14M / 437M  INFO   Simplification           (parallel_processing.hpp   : 170)   Tip clipper triggered 33 times
  0:00:06.943    14M / 437M  INFO   Simplification           (parallel_processing.hpp   : 167)   Running Bulge remover
  0:00:06.944    14M / 437M  INFO   Simplification           (parallel_processing.hpp   : 170)   Bulge remover triggered 7 times
  0:00:06.944    14M / 437M  INFO   Simplification           (parallel_processing.hpp   : 167)   Running Low coverage edge remover
  0:00:06.944    14M / 437M  INFO   Simplification           (parallel_processing.hpp   : 170)   Low coverage edge remover triggered 2 times
  0:00:06.944    14M / 437M  INFO    General                 (simplification.cpp        : 373)   PROCEDURE == Simplification cycle, iteration 3
  0:00:06.944    14M / 437M  INFO   Simplification           (parallel_processing.hpp   : 167)   Running Tip clipper
  0:00:06.944    14M / 437M  INFO   Simplification           (parallel_processing.hpp   : 170)   Tip clipper triggered 1 times
  0:00:06.944    14M / 437M  INFO   Simplification           (parallel_processing.hpp   : 167)   Running Bulge remover
  0:00:06.944    14M / 437M  INFO   Simplification           (parallel_processing.hpp   : 170)   Bulge remover triggered 0 times
  0:00:06.944    14M / 437M  INFO   Simplification           (parallel_processing.hpp   : 167)   Running Low coverage edge remover
  0:00:06.944    14M / 437M  INFO   Simplification           (parallel_processing.hpp   : 170)   Low coverage edge remover triggered 3 times
  0:00:06.944    14M / 437M  INFO    General                 (simplification.cpp        : 373)   PROCEDURE == Simplification cycle, iteration 4
  0:00:06.944    14M / 437M  INFO   Simplification           (parallel_processing.hpp   : 167)   Running Tip clipper
  0:00:06.944    14M / 437M  INFO   Simplification           (parallel_processing.hpp   : 170)   Tip clipper triggered 0 times
  0:00:06.944    14M / 437M  INFO   Simplification           (parallel_processing.hpp   : 167)   Running Bulge remover
  0:00:06.944    14M / 437M  INFO   Simplification           (parallel_processing.hpp   : 170)   Bulge remover triggered 3 times
  0:00:06.944    14M / 437M  INFO   Simplification           (parallel_processing.hpp   : 167)   Running Low coverage edge remover
  0:00:06.945    14M / 437M  INFO   Simplification           (parallel_processing.hpp   : 170)   Low coverage edge remover triggered 120 times
  0:00:06.945    14M / 437M  INFO    General                 (simplification.cpp        : 373)   PROCEDURE == Simplification cycle, iteration 5
  0:00:06.945    14M / 437M  INFO   Simplification           (parallel_processing.hpp   : 167)   Running Tip clipper
  0:00:06.945    14M / 437M  INFO   Simplification           (parallel_processing.hpp   : 170)   Tip clipper triggered 15 times
  0:00:06.945    14M / 437M  INFO   Simplification           (parallel_processing.hpp   : 167)   Running Bulge remover
  0:00:06.947    14M / 437M  INFO   Simplification           (parallel_processing.hpp   : 170)   Bulge remover triggered 10 times
  0:00:06.947    14M / 437M  INFO   Simplification           (parallel_processing.hpp   : 167)   Running Low coverage edge remover
  0:00:06.947    14M / 437M  INFO   Simplification           (parallel_processing.hpp   : 170)   Low coverage edge remover triggered 13 times
  0:00:06.947    14M / 437M  INFO    General                 (simplification.cpp        : 373)   PROCEDURE == Simplification cycle, iteration 6
  0:00:06.947    14M / 437M  INFO   Simplification           (parallel_processing.hpp   : 167)   Running Tip clipper
  0:00:06.947    14M / 437M  INFO   Simplification           (parallel_processing.hpp   : 170)   Tip clipper triggered 2 times
  0:00:06.947    14M / 437M  INFO   Simplification           (parallel_processing.hpp   : 167)   Running Bulge remover
  0:00:06.947    14M / 437M  INFO   Simplification           (parallel_processing.hpp   : 170)   Bulge remover triggered 0 times
  0:00:06.947    14M / 437M  INFO   Simplification           (parallel_processing.hpp   : 167)   Running Low coverage edge remover
  0:00:06.947    14M / 437M  INFO   Simplification           (parallel_processing.hpp   : 170)   Low coverage edge remover triggered 6 times
  0:00:06.947    14M / 437M  INFO    General                 (simplification.cpp        : 373)   PROCEDURE == Simplification cycle, iteration 7
  0:00:06.948    14M / 437M  INFO   Simplification           (parallel_processing.hpp   : 167)   Running Tip clipper
  0:00:06.948    14M / 437M  INFO   Simplification           (parallel_processing.hpp   : 170)   Tip clipper triggered 0 times
  0:00:06.948    14M / 437M  INFO   Simplification           (parallel_processing.hpp   : 167)   Running Bulge remover
  0:00:06.948    14M / 437M  INFO   Simplification           (parallel_processing.hpp   : 170)   Bulge remover triggered 1 times
  0:00:06.948    14M / 437M  INFO   Simplification           (parallel_processing.hpp   : 167)   Running Low coverage edge remover
  0:00:06.948    14M / 437M  INFO   Simplification           (parallel_processing.hpp   : 170)   Low coverage edge remover triggered 25 times
  0:00:06.948    14M / 437M  INFO    General                 (simplification.cpp        : 373)   PROCEDURE == Simplification cycle, iteration 8
  0:00:06.948    14M / 437M  INFO   Simplification           (parallel_processing.hpp   : 167)   Running Tip clipper
  0:00:06.948    14M / 437M  INFO   Simplification           (parallel_processing.hpp   : 170)   Tip clipper triggered 2 times
  0:00:06.948    14M / 437M  INFO   Simplification           (parallel_processing.hpp   : 167)   Running Bulge remover
  0:00:06.949    14M / 437M  INFO   Simplification           (parallel_processing.hpp   : 170)   Bulge remover triggered 5 times
  0:00:06.949    14M / 437M  INFO   Simplification           (parallel_processing.hpp   : 167)   Running Low coverage edge remover
  0:00:06.949    14M / 437M  INFO   Simplification           (parallel_processing.hpp   : 170)   Low coverage edge remover triggered 7 times
  0:00:06.949    14M / 437M  INFO    General                 (simplification.cpp        : 373)   PROCEDURE == Simplification cycle, iteration 9
  0:00:06.949    14M / 437M  INFO   Simplification           (parallel_processing.hpp   : 167)   Running Tip clipper
  0:00:06.949    14M / 437M  INFO   Simplification           (parallel_processing.hpp   : 170)   Tip clipper triggered 2 times
  0:00:06.949    14M / 437M  INFO   Simplification           (parallel_processing.hpp   : 167)   Running Bulge remover
  0:00:06.949    14M / 437M  INFO   Simplification           (parallel_processing.hpp   : 170)   Bulge remover triggered 1 times
  0:00:06.949    14M / 437M  INFO   Simplification           (parallel_processing.hpp   : 167)   Running Low coverage edge remover
  0:00:06.949    14M / 437M  INFO   Simplification           (parallel_processing.hpp   : 170)   Low coverage edge remover triggered 4 times
  0:00:06.949    14M / 437M  INFO    General                 (simplification.cpp        : 373)   PROCEDURE == Simplification cycle, iteration 10
  0:00:06.949    14M / 437M  INFO   Simplification           (parallel_processing.hpp   : 167)   Running Tip clipper
  0:00:06.949    14M / 437M  INFO   Simplification           (parallel_processing.hpp   : 170)   Tip clipper triggered 0 times
  0:00:06.949    14M / 437M  INFO   Simplification           (parallel_processing.hpp   : 167)   Running Bulge remover
  0:00:06.949    14M / 437M  INFO   Simplification           (parallel_processing.hpp   : 170)   Bulge remover triggered 1 times
  0:00:06.949    14M / 437M  INFO   Simplification           (parallel_processing.hpp   : 167)   Running Low coverage edge remover
  0:00:06.949    14M / 437M  INFO   Simplification           (parallel_processing.hpp   : 170)   Low coverage edge remover triggered 6 times
  0:00:06.949    14M / 437M  INFO    General                 (simplification.cpp        : 373)   PROCEDURE == Simplification cycle, iteration 11
  0:00:06.949    14M / 437M  INFO   Simplification           (parallel_processing.hpp   : 167)   Running Tip clipper
  0:00:06.951    14M / 437M  INFO   Simplification           (parallel_processing.hpp   : 170)   Tip clipper triggered 7 times
  0:00:06.951    14M / 437M  INFO   Simplification           (parallel_processing.hpp   : 167)   Running Bulge remover
  0:00:06.953    14M / 437M  INFO   Simplification           (parallel_processing.hpp   : 170)   Bulge remover triggered 0 times
  0:00:06.953    14M / 437M  INFO   Simplification           (parallel_processing.hpp   : 167)   Running Low coverage edge remover
  0:00:06.954    14M / 437M  INFO   Simplification           (parallel_processing.hpp   : 170)   Low coverage edge remover triggered 0 times
  0:00:06.954    14M / 437M  INFO    General                 (simplification.cpp        : 373)   PROCEDURE == Simplification cycle, iteration 12
  0:00:06.954    14M / 437M  INFO   Simplification           (parallel_processing.hpp   : 167)   Running Tip clipper
  0:00:06.954    14M / 437M  INFO   Simplification           (parallel_processing.hpp   : 170)   Tip clipper triggered 0 times
  0:00:06.954    14M / 437M  INFO   Simplification           (parallel_processing.hpp   : 167)   Running Bulge remover
  0:00:06.954    14M / 437M  INFO   Simplification           (parallel_processing.hpp   : 170)   Bulge remover triggered 0 times
  0:00:06.954    14M / 437M  INFO   Simplification           (parallel_processing.hpp   : 167)   Running Low coverage edge remover
  0:00:06.954    14M / 437M  INFO   Simplification           (parallel_processing.hpp   : 170)   Low coverage edge remover triggered 0 times
  0:00:06.955    14M / 437M  INFO   StageManager             (stage.cpp                 : 185)   STAGE == Gap Closer (id: late_gapcloser)
  0:00:06.958    23M / 437M  INFO    General                 (edge_index.hpp            : 113)   Size of edge index entries: 12/8
  0:00:06.963    24M / 437M  INFO    General                 (gap_closer.cpp            : 101)   Total edges in tip neighborhood: 28869 out of 29164, length: 7819738
  0:00:06.964    25M / 437M  INFO    General                 (edge_index.hpp            : 167)   Using small index (max_id = 58978)
  0:00:07.003    25M / 437M  INFO   K-mer Index Building     (kmer_index_builder.hpp    : 395)   Building perfect hash indices
  0:00:07.434    27M / 437M  INFO   K-mer Index Building     (kmer_index_builder.hpp    : 431)   Index built. Total 3915522 kmers, 2828768 bytes occupied (5.7796 bits per kmer).
  0:00:07.439    57M / 437M  INFO    General                 (edge_index_builders.hpp   : 265)   Collecting edge information from graph, this takes a while.
  0:00:07.823    58M / 437M  INFO    General                 (sequence_mapper_notifier.h:  95)   Total 49229 reads processed
  0:00:07.842    26M / 437M  INFO    General                 (gap_closer.cpp            : 452)   Initializing gap closer
  0:00:07.843    26M / 437M  INFO   GapCloser                (gap_closer.cpp            : 359)   Closing short gaps
  0:00:07.852    26M / 437M  INFO   GapCloser                (gap_closer.cpp            : 391)   Closing short gaps complete: filled 3 gaps after checking 338 candidates
  0:00:07.853    26M / 437M  INFO    General                 (gap_closer.cpp            : 456)   Gap closer done
  0:00:07.854    14M / 437M  INFO   StageManager             (stage.cpp                 : 185)   STAGE == Simplification Cleanup (id: simplification_cleanup)
  0:00:07.855    14M / 437M  INFO    General                 (simplification.cpp        : 176)   PROCEDURE == Post simplification
  0:00:07.855    14M / 437M  INFO    General                 (graph_simplification.hpp  : 448)   Disconnection of relatively low covered edges disabled
  0:00:07.855    14M / 437M  INFO    General                 (graph_simplification.hpp  : 485)   Complex tip clipping disabled
  0:00:07.855    14M / 437M  INFO    General                 (graph_simplification.hpp  : 634)   Creating parallel br instance
  0:00:07.855    14M / 437M  INFO   Simplification           (parallel_processing.hpp   : 167)   Running Tip clipper
  0:00:07.856    14M / 437M  INFO   Simplification           (parallel_processing.hpp   : 170)   Tip clipper triggered 0 times
  0:00:07.856    14M / 437M  INFO   Simplification           (parallel_processing.hpp   : 167)   Running Bulge remover
  0:00:07.858    14M / 437M  INFO   Simplification           (parallel_processing.hpp   : 170)   Bulge remover triggered 0 times
  0:00:07.858    14M / 437M  INFO   Simplification           (parallel_processing.hpp   : 167)   Running Tip clipper
  0:00:07.859    14M / 437M  INFO   Simplification           (parallel_processing.hpp   : 170)   Tip clipper triggered 0 times
  0:00:07.859    14M / 437M  INFO   Simplification           (parallel_processing.hpp   : 167)   Running Bulge remover
  0:00:07.860    14M / 437M  INFO   Simplification           (parallel_processing.hpp   : 170)   Bulge remover triggered 0 times
  0:00:07.860    14M / 437M  INFO    General                 (simplification.cpp        : 327)   Disrupting self-conjugate edges
  0:00:07.863    14M / 437M  INFO   Simplification           (parallel_processing.hpp   : 167)   Running Removing isolated edges
  0:00:07.872    14M / 437M  INFO   Simplification           (parallel_processing.hpp   : 170)   Removing isolated edges triggered 9232 times
  0:00:07.873    14M / 437M  INFO    General                 (simplification.cpp        : 495)   After simplification:
  0:00:07.873    14M / 437M  INFO    General                 (simplification.cpp        : 496)     Average coverage = 5.16319
  0:00:07.873    14M / 437M  INFO    General                 (simplification.cpp        : 497)     Total length = 2588637
  0:00:07.874    14M / 437M  INFO    General                 (simplification.cpp        : 498)     Median edge length: 564
  0:00:07.874    14M / 437M  INFO    General                 (simplification.cpp        : 499)     Edges: 10694
  0:00:07.874    14M / 437M  INFO    General                 (simplification.cpp        : 500)     Vertices: 20970
  0:00:07.874    14M / 437M  INFO   StageManager             (stage.cpp                 : 185)   STAGE == Contig Output (id: contig_output)
  0:00:07.874    14M / 437M  INFO    General                 (read_converter.cpp        : 107)   Outputting contigs to /gpfs01/home/jc428818/Placement/uce-tutorial/assemblies/gallus/K55/simplified_contigs
  0:00:07.881    16M / 437M  INFO    General                 (binary_converter.cpp      : 111)   5347 reads written
  0:00:07.882    14M / 437M  INFO    General                 (pipeline.cpp              : 287)   SPAdes finished
  0:00:07.893     1M / 437M  INFO    General                 (main.cpp                  : 136)   Assembling time: 0 hours 0 minutes 7 seconds

===== K55 finished. 


===== K77 started. 


== Running: /usr/libexec/spades/spades-core /gpfs01/home/jc428818/Placement/uce-tutorial/assemblies/gallus/K77/configs/config.info

  0:00:00.000     1M / 29M   INFO    General                 (main.cpp                  :  99)   Loaded config from /gpfs01/home/jc428818/Placement/uce-tutorial/assemblies/gallus/K77/configs/config.info
  0:00:00.000     1M / 29M   INFO    General                 (memory_limit.cpp          :  54)   Memory limit set to 250 Gb
  0:00:00.000     1M / 29M   INFO    General                 (main.cpp                  : 107)   Starting SPAdes, built from N/A, git revision N/A
  0:00:00.000     1M / 29M   INFO    General                 (main.cpp                  : 108)   Maximum k-mer length: 128
  0:00:00.000     1M / 29M   INFO    General                 (main.cpp                  : 109)   Assembling dataset (/gpfs01/home/jc428818/Placement/uce-tutorial/assemblies/gallus/dataset.info) with K=77
  0:00:00.000     1M / 29M   INFO    General                 (main.cpp                  : 110)   Maximum # of threads to use (adjusted due to OMP capabilities): 4
  0:00:00.000     1M / 29M   INFO    General                 (pipeline.cpp              : 212)   SPAdes started
  0:00:00.000     1M / 29M   INFO    General                 (pipeline.cpp              : 225)   Starting from stage: read_conversion
  0:00:00.000     1M / 29M   INFO    General                 (pipeline.cpp              : 231)   Two-step repeat resolution disabled
  0:00:00.000     1M / 29M   INFO   GraphCore                (graph_core.hpp            : 672)   Graph created, vertex min_id: 3, edge min_id: 3
  0:00:00.000     1M / 29M   INFO   GraphCore                (graph_core.hpp            : 673)   Vertex size: 48, edge size: 40
  0:00:00.000     1M / 29M   INFO    General                 (edge_index.hpp            : 113)   Size of edge index entries: 12/8
  0:00:00.000     1M / 29M   INFO    General                 (pipeline.cpp              : 242)   Will need read mapping, kmer mapper will be attached
  0:00:00.000     1M / 29M   INFO   StageManager             (stage.cpp                 : 185)   STAGE == Binary Read Conversion (id: read_conversion)
  0:00:00.001     1M / 29M   INFO    General                 (read_converter.cpp        :  53)   Binary reads detected
  0:00:00.001     1M / 29M   INFO   StageManager             (stage.cpp                 : 185)   STAGE == de Bruijn graph construction (id: construction)
  0:00:00.001     1M / 29M   INFO    General                 (construction.cpp          : 118)   Contigs from previous K will be used: /gpfs01/home/jc428818/Placement/uce-tutorial/assemblies/gallus/K55/simplified_contigs
  0:00:00.003     1M / 29M   INFO    General                 (construction.cpp          : 153)   Max read length 251
  0:00:00.003     1M / 29M   INFO    General                 (construction.cpp          : 159)   Average read length 218.008
  0:00:00.003     1M / 29M   INFO    General                 (stage.cpp                 : 117)   PROCEDURE == k+1-mer counting (id: construction:kpomer_counting)
  0:00:00.003     1M / 29M   INFO    General                 (kmer_index_builder.hpp    : 243)   Splitting kmer instances into 40 files using 4 threads. This might take a while.
  0:00:00.003     1M / 29M   INFO    General                 (file_limit.hpp            :  42)   Open file limit set to 16384
  0:00:00.003     1M / 29M   INFO    General                 (kmer_splitter.hpp         :  93)   Memory available for splitting buffers: 20.8333 Gb
  0:00:00.003     1M / 29M   INFO    General                 (kmer_splitter.hpp         : 101)   Using cell size of 559240
  0:00:00.911  2401M / 2401M INFO    General                 (kmer_splitters.hpp        : 125)   Processed 208014 reads
  0:00:00.911     1M / 691M  INFO    General                 (kmer_splitters.hpp        : 131)   Used 208014 reads
  0:00:00.913     1M / 691M  INFO    General                 (kmer_index_builder.hpp    : 249)   Starting k-mer counting.
  0:00:00.987     1M / 691M  INFO    General                 (kmer_index_builder.hpp    : 260)   K-mer counting done. There are 3937491 kmers in total.
  0:00:00.987     1M / 691M  INFO    General                 (stage.cpp                 : 117)   PROCEDURE == Extension index construction (id: construction:extension_index_construction)
  0:00:00.990     1M / 691M  INFO   K-mer Index Building     (kmer_index_builder.hpp    : 438)   Building kmer index
  0:00:00.990     1M / 691M  INFO    General                 (kmer_index_builder.hpp    : 243)   Splitting kmer instances into 40 files using 4 threads. This might take a while.
  0:00:00.990     1M / 691M  INFO    General                 (file_limit.hpp            :  42)   Open file limit set to 16384
  0:00:00.990     1M / 691M  INFO    General                 (kmer_splitter.hpp         :  93)   Memory available for splitting buffers: 20.8333 Gb
  0:00:00.990     1M / 691M  INFO    General                 (kmer_splitter.hpp         : 101)   Using cell size of 559240
  0:00:01.559  2401M / 2401M INFO    General                 (kmer_splitters.hpp        : 194)   Processed 3937491 kmers
  0:00:01.559  2401M / 2401M INFO    General                 (kmer_splitters.hpp        : 199)   Used 3937491 kmers.
  0:00:01.559     1M / 691M  INFO    General                 (kmer_index_builder.hpp    : 249)   Starting k-mer counting.
  0:00:01.629     1M / 691M  INFO    General                 (kmer_index_builder.hpp    : 260)   K-mer counting done. There are 3951570 kmers in total.
  0:00:01.629     1M / 691M  INFO   K-mer Index Building     (kmer_index_builder.hpp    : 395)   Building perfect hash indices
  0:00:01.795     4M / 691M  INFO   K-mer Index Building     (kmer_index_builder.hpp    : 431)   Index built. Total 3951570 kmers, 2883768 bytes occupied (5.83822 bits per kmer).
  0:00:01.795     4M / 691M  INFO    General                 (kmer_index_builder.hpp    : 169)   Merging final buckets.
  0:00:01.908     8M / 691M  INFO   DeBruijnExtensionIndexBu (kmer_extension_index_build: 100)   Building k-mer extensions from k+1-mers
  0:00:02.386     8M / 691M  INFO   DeBruijnExtensionIndexBu (kmer_extension_index_build: 105)   Building k-mer extensions from k+1-mers finished.
  0:00:02.391     8M / 691M  INFO    General                 (stage.cpp                 : 117)   PROCEDURE == Condensing graph (id: construction:graph_condensing)
  0:00:02.393     8M / 691M  INFO   UnbranchingPathExtractor (debruijn_graph_constructor: 354)   Extracting unbranching paths
  0:00:02.796    10M / 691M  INFO   UnbranchingPathExtractor (debruijn_graph_constructor: 373)   Extracting unbranching paths finished. 27449 sequences extracted
  0:00:03.140    10M / 691M  INFO   UnbranchingPathExtractor (debruijn_graph_constructor: 309)   Collecting perfect loops
  0:00:03.233    10M / 691M  INFO   UnbranchingPathExtractor (debruijn_graph_constructor: 342)   Collecting perfect loops finished. 1 loops collected
  0:00:03.239    10M / 691M  INFO    General                 (debruijn_graph_constructor: 487)   Total 54900 edges to create
  0:00:03.239    13M / 691M  INFO    General                 (debruijn_graph_constructor: 489)   Collecting link records
  0:00:03.254    13M / 691M  INFO    General                 (debruijn_graph_constructor: 491)   Ordering link records
  0:00:03.256    13M / 691M  INFO    General                 (debruijn_graph_constructor: 493)   Sorting done
  0:00:03.256    14M / 691M  INFO    General                 (debruijn_graph_constructor: 503)   Total 41529 vertices to create
  0:00:03.256    18M / 691M  INFO    General                 (debruijn_graph_constructor: 506)   Connecting the graph
  0:00:03.287    16M / 691M  INFO    General                 (stage.cpp                 : 117)   PROCEDURE == Filling coverage indices (PHM) (id: construction:coverage_filling_phm)
  0:00:03.287    16M / 691M  INFO   K-mer Index Building     (kmer_index_builder.hpp    : 395)   Building perfect hash indices
  0:00:03.407    19M / 691M  INFO   K-mer Index Building     (kmer_index_builder.hpp    : 431)   Index built. Total 3937491 kmers, 2873552 bytes occupied (5.83834 bits per kmer).
  0:00:03.410    35M / 691M  INFO    General                 (coverage_hash_map_builder.:  47)   Collecting k-mer coverage information from reads, this takes a while.
  0:00:04.097    35M / 691M  INFO    General                 (construction.cpp          : 430)   Filling coverage and flanking coverage from PHM
  0:00:04.411    35M / 691M  INFO    General                 (coverage_filling.hpp      :  82)   Processed 54900 edges
  0:00:04.439     9M / 691M  INFO   StageManager             (stage.cpp                 : 185)   STAGE == EC Threshold Finding (id: ec_threshold_finder)
  0:00:04.439     9M / 691M  INFO    General                 (kmer_coverage_model.cpp   : 181)   Kmer coverage valley at: 49
  0:00:04.439     9M / 691M  INFO    General                 (kmer_coverage_model.cpp   : 201)   K-mer histogram maximum: 51
  0:00:04.440     9M / 691M  INFO    General                 (kmer_coverage_model.cpp   : 237)   Estimated median coverage: 52. Coverage mad: 2.9652
  0:00:04.440     9M / 691M  INFO    General                 (kmer_coverage_model.cpp   : 259)   Fitting coverage model
  0:00:04.449     9M / 691M  INFO    General                 (kmer_coverage_model.cpp   : 295)   ... iteration 2
  0:00:04.463     9M / 691M  INFO    General                 (kmer_coverage_model.cpp   : 295)   ... iteration 4
  0:00:04.501     9M / 691M  INFO    General                 (kmer_coverage_model.cpp   : 295)   ... iteration 8
  0:00:04.606     9M / 691M  INFO    General                 (kmer_coverage_model.cpp   : 295)   ... iteration 16
  0:00:04.857     9M / 691M  INFO    General                 (kmer_coverage_model.cpp   : 295)   ... iteration 32
  0:00:05.685     9M / 691M  INFO    General                 (kmer_coverage_model.cpp   : 295)   ... iteration 64
  0:00:06.228     9M / 691M  INFO    General                 (kmer_coverage_model.cpp   : 309)   Fitted mean coverage: 11.1743. Fitted coverage std. dev: 3.90924
  0:00:06.228     9M / 691M  WARN    General                 (kmer_coverage_model.cpp   : 327)   Valley value was estimated improperly, reset to 3
  0:00:06.228     9M / 691M  INFO    General                 (kmer_coverage_model.cpp   : 334)   Probability of erroneous kmer at valley: 1
  0:00:06.228     9M / 691M  INFO    General                 (kmer_coverage_model.cpp   : 358)   Preliminary threshold calculated as: 11
  0:00:06.228     9M / 691M  INFO    General                 (kmer_coverage_model.cpp   : 362)   Threshold adjusted to: 7
  0:00:06.228     9M / 691M  INFO    General                 (kmer_coverage_model.cpp   : 375)   Estimated genome size (ignoring repeats): 525855
  0:00:06.228     9M / 691M  INFO    General                 (genomic_info_filler.cpp   :  55)   Mean coverage was calculated as 11.1743
  0:00:06.228     9M / 691M  INFO    General                 (genomic_info_filler.cpp   :  70)   EC coverage threshold value was calculated as 7
  0:00:06.228     9M / 691M  INFO    General                 (genomic_info_filler.cpp   :  71)   Trusted kmer low bound: 0
  0:00:06.228     9M / 691M  INFO   StageManager             (stage.cpp                 : 185)   STAGE == Gap Closer (id: early_gapcloser)
  0:00:06.232    18M / 691M  INFO    General                 (edge_index.hpp            : 113)   Size of edge index entries: 12/8
  0:00:06.243    19M / 691M  INFO    General                 (gap_closer.cpp            : 101)   Total edges in tip neighborhood: 42057 out of 54900, length: 6555558
  0:00:06.245    19M / 691M  INFO    General                 (edge_index.hpp            : 167)   Using small index (max_id = 55177)
  0:00:06.284    19M / 691M  INFO   K-mer Index Building     (kmer_index_builder.hpp    : 395)   Building perfect hash indices
  0:00:06.702    22M / 691M  INFO   K-mer Index Building     (kmer_index_builder.hpp    : 431)   Index built. Total 3784176 kmers, 2733904 bytes occupied (5.77966 bits per kmer).
  0:00:06.707    51M / 691M  INFO    General                 (edge_index_builders.hpp   : 265)   Collecting edge information from graph, this takes a while.
  0:00:07.123    52M / 691M  INFO    General                 (sequence_mapper_notifier.h:  95)   Total 49229 reads processed
  0:00:07.140    20M / 691M  INFO    General                 (gap_closer.cpp            : 452)   Initializing gap closer
  0:00:07.140    20M / 691M  INFO   GapCloser                (gap_closer.cpp            : 359)   Closing short gaps
  0:00:07.165    20M / 691M  INFO   GapCloser                (gap_closer.cpp            : 391)   Closing short gaps complete: filled 2 gaps after checking 4142 candidates
  0:00:07.166    20M / 691M  INFO    General                 (gap_closer.cpp            : 456)   Gap closer done
  0:00:07.168     9M / 691M  INFO   StageManager             (stage.cpp                 : 185)   STAGE == Raw Simplification (id: raw_simplification)
  0:00:07.168     9M / 691M  INFO    General                 (simplification.cpp        : 127)   PROCEDURE == Initial cleaning
  0:00:07.168     9M / 691M  INFO    General                 (graph_simplification.hpp  : 662)   Flanking coverage based disconnection disabled
  0:00:07.168     9M / 691M  INFO   Simplification           (parallel_processing.hpp   : 167)   Running Self conjugate edge remover
  0:00:07.170     9M / 691M  INFO   Simplification           (parallel_processing.hpp   : 170)   Self conjugate edge remover triggered 0 times
  0:00:07.170     9M / 691M  INFO   Simplification           (parallel_processing.hpp   : 167)   Running Initial tip clipper
  0:00:07.197     9M / 691M  INFO   Simplification           (parallel_processing.hpp   : 170)   Initial tip clipper triggered 5289 times
  0:00:07.198     9M / 691M  INFO   Simplification           (parallel_processing.hpp   : 167)   Running Initial ec remover
  0:00:07.203     8M / 691M  INFO   Simplification           (parallel_processing.hpp   : 170)   Initial ec remover triggered 407 times
  0:00:07.203     8M / 691M  INFO   Simplification           (parallel_processing.hpp   : 167)   Running Initial isolated edge remover
  0:00:07.214     8M / 691M  INFO   Simplification           (parallel_processing.hpp   : 170)   Initial isolated edge remover triggered 9976 times
  0:00:07.214     8M / 691M  INFO   StageManager             (stage.cpp                 : 185)   STAGE == Simplification (id: simplification)
  0:00:07.214     8M / 691M  INFO    General                 (simplification.cpp        : 368)   Graph simplification started
  0:00:07.214     8M / 691M  INFO    General                 (graph_simplification.hpp  : 634)   Creating parallel br instance
  0:00:07.214     8M / 691M  INFO    General                 (simplification.cpp        : 373)   PROCEDURE == Simplification cycle, iteration 1
  0:00:07.214     8M / 691M  INFO   Simplification           (parallel_processing.hpp   : 167)   Running Tip clipper
  0:00:07.215     8M / 691M  INFO   Simplification           (parallel_processing.hpp   : 170)   Tip clipper triggered 29 times
  0:00:07.215     8M / 691M  INFO   Simplification           (parallel_processing.hpp   : 167)   Running Bulge remover
  0:00:07.242    11M / 691M  INFO   Simplification           (parallel_processing.hpp   : 170)   Bulge remover triggered 270 times
  0:00:07.243    11M / 691M  INFO   Simplification           (parallel_processing.hpp   : 167)   Running Low coverage edge remover
  0:00:07.243    11M / 691M  INFO   Simplification           (parallel_processing.hpp   : 170)   Low coverage edge remover triggered 0 times
  0:00:07.243    11M / 691M  INFO    General                 (simplification.cpp        : 373)   PROCEDURE == Simplification cycle, iteration 2
  0:00:07.243    11M / 691M  INFO   Simplification           (parallel_processing.hpp   : 167)   Running Tip clipper
  0:00:07.244    11M / 691M  INFO   Simplification           (parallel_processing.hpp   : 170)   Tip clipper triggered 2 times
  0:00:07.244    11M / 691M  INFO   Simplification           (parallel_processing.hpp   : 167)   Running Bulge remover
  0:00:07.244    11M / 691M  INFO   Simplification           (parallel_processing.hpp   : 170)   Bulge remover triggered 0 times
  0:00:07.244    11M / 691M  INFO   Simplification           (parallel_processing.hpp   : 167)   Running Low coverage edge remover
  0:00:07.244    11M / 691M  INFO   Simplification           (parallel_processing.hpp   : 170)   Low coverage edge remover triggered 1 times
  0:00:07.244    11M / 691M  INFO    General                 (simplification.cpp        : 373)   PROCEDURE == Simplification cycle, iteration 3
  0:00:07.244    11M / 691M  INFO   Simplification           (parallel_processing.hpp   : 167)   Running Tip clipper
  0:00:07.244    11M / 691M  INFO   Simplification           (parallel_processing.hpp   : 170)   Tip clipper triggered 0 times
  0:00:07.244    11M / 691M  INFO   Simplification           (parallel_processing.hpp   : 167)   Running Bulge remover
  0:00:07.244    11M / 691M  INFO   Simplification           (parallel_processing.hpp   : 170)   Bulge remover triggered 0 times
  0:00:07.244    11M / 691M  INFO   Simplification           (parallel_processing.hpp   : 167)   Running Low coverage edge remover
  0:00:07.244    11M / 691M  INFO   Simplification           (parallel_processing.hpp   : 170)   Low coverage edge remover triggered 5 times
  0:00:07.244    11M / 691M  INFO    General                 (simplification.cpp        : 373)   PROCEDURE == Simplification cycle, iteration 4
  0:00:07.244    11M / 691M  INFO   Simplification           (parallel_processing.hpp   : 167)   Running Tip clipper
  0:00:07.244    11M / 691M  INFO   Simplification           (parallel_processing.hpp   : 170)   Tip clipper triggered 1 times
  0:00:07.244    11M / 691M  INFO   Simplification           (parallel_processing.hpp   : 167)   Running Bulge remover
  0:00:07.244    11M / 691M  INFO   Simplification           (parallel_processing.hpp   : 170)   Bulge remover triggered 0 times
  0:00:07.244    11M / 691M  INFO   Simplification           (parallel_processing.hpp   : 167)   Running Low coverage edge remover
  0:00:07.244    11M / 691M  INFO   Simplification           (parallel_processing.hpp   : 170)   Low coverage edge remover triggered 5 times
  0:00:07.244    11M / 691M  INFO    General                 (simplification.cpp        : 373)   PROCEDURE == Simplification cycle, iteration 5
  0:00:07.244    11M / 691M  INFO   Simplification           (parallel_processing.hpp   : 167)   Running Tip clipper
  0:00:07.244    11M / 691M  INFO   Simplification           (parallel_processing.hpp   : 170)   Tip clipper triggered 0 times
  0:00:07.244    11M / 691M  INFO   Simplification           (parallel_processing.hpp   : 167)   Running Bulge remover
  0:00:07.244    11M / 691M  INFO   Simplification           (parallel_processing.hpp   : 170)   Bulge remover triggered 1 times
  0:00:07.244    11M / 691M  INFO   Simplification           (parallel_processing.hpp   : 167)   Running Low coverage edge remover
  0:00:07.244    11M / 691M  INFO   Simplification           (parallel_processing.hpp   : 170)   Low coverage edge remover triggered 1 times
  0:00:07.244    11M / 691M  INFO    General                 (simplification.cpp        : 373)   PROCEDURE == Simplification cycle, iteration 6
  0:00:07.244    11M / 691M  INFO   Simplification           (parallel_processing.hpp   : 167)   Running Tip clipper
  0:00:07.244    11M / 691M  INFO   Simplification           (parallel_processing.hpp   : 170)   Tip clipper triggered 0 times
  0:00:07.244    11M / 691M  INFO   Simplification           (parallel_processing.hpp   : 167)   Running Bulge remover
  0:00:07.244    11M / 691M  INFO   Simplification           (parallel_processing.hpp   : 170)   Bulge remover triggered 0 times
  0:00:07.244    11M / 691M  INFO   Simplification           (parallel_processing.hpp   : 167)   Running Low coverage edge remover
  0:00:07.244    11M / 691M  INFO   Simplification           (parallel_processing.hpp   : 170)   Low coverage edge remover triggered 3 times
  0:00:07.244    11M / 691M  INFO    General                 (simplification.cpp        : 373)   PROCEDURE == Simplification cycle, iteration 7
  0:00:07.244    11M / 691M  INFO   Simplification           (parallel_processing.hpp   : 167)   Running Tip clipper
  0:00:07.244    11M / 691M  INFO   Simplification           (parallel_processing.hpp   : 170)   Tip clipper triggered 0 times
  0:00:07.244    11M / 691M  INFO   Simplification           (parallel_processing.hpp   : 167)   Running Bulge remover
  0:00:07.244    11M / 691M  INFO   Simplification           (parallel_processing.hpp   : 170)   Bulge remover triggered 2 times
  0:00:07.244    11M / 691M  INFO   Simplification           (parallel_processing.hpp   : 167)   Running Low coverage edge remover
  0:00:07.244    11M / 691M  INFO   Simplification           (parallel_processing.hpp   : 170)   Low coverage edge remover triggered 2 times
  0:00:07.244    11M / 691M  INFO    General                 (simplification.cpp        : 373)   PROCEDURE == Simplification cycle, iteration 8
  0:00:07.244    11M / 691M  INFO   Simplification           (parallel_processing.hpp   : 167)   Running Tip clipper
  0:00:07.244    11M / 691M  INFO   Simplification           (parallel_processing.hpp   : 170)   Tip clipper triggered 0 times
  0:00:07.244    11M / 691M  INFO   Simplification           (parallel_processing.hpp   : 167)   Running Bulge remover
  0:00:07.244    11M / 691M  INFO   Simplification           (parallel_processing.hpp   : 170)   Bulge remover triggered 0 times
  0:00:07.244    11M / 691M  INFO   Simplification           (parallel_processing.hpp   : 167)   Running Low coverage edge remover
  0:00:07.244    11M / 691M  INFO   Simplification           (parallel_processing.hpp   : 170)   Low coverage edge remover triggered 2 times
  0:00:07.244    11M / 691M  INFO    General                 (simplification.cpp        : 373)   PROCEDURE == Simplification cycle, iteration 9
  0:00:07.244    11M / 691M  INFO   Simplification           (parallel_processing.hpp   : 167)   Running Tip clipper
  0:00:07.244    11M / 691M  INFO   Simplification           (parallel_processing.hpp   : 170)   Tip clipper triggered 0 times
  0:00:07.244    11M / 691M  INFO   Simplification           (parallel_processing.hpp   : 167)   Running Bulge remover
  0:00:07.244    11M / 691M  INFO   Simplification           (parallel_processing.hpp   : 170)   Bulge remover triggered 0 times
  0:00:07.244    11M / 691M  INFO   Simplification           (parallel_processing.hpp   : 167)   Running Low coverage edge remover
  0:00:07.244    11M / 691M  INFO   Simplification           (parallel_processing.hpp   : 170)   Low coverage edge remover triggered 0 times
  0:00:07.244    11M / 691M  INFO    General                 (simplification.cpp        : 373)   PROCEDURE == Simplification cycle, iteration 10
  0:00:07.244    11M / 691M  INFO   Simplification           (parallel_processing.hpp   : 167)   Running Tip clipper
  0:00:07.244    11M / 691M  INFO   Simplification           (parallel_processing.hpp   : 170)   Tip clipper triggered 0 times
  0:00:07.244    11M / 691M  INFO   Simplification           (parallel_processing.hpp   : 167)   Running Bulge remover
  0:00:07.244    11M / 691M  INFO   Simplification           (parallel_processing.hpp   : 170)   Bulge remover triggered 0 times
  0:00:07.245    11M / 691M  INFO   Simplification           (parallel_processing.hpp   : 167)   Running Low coverage edge remover
  0:00:07.245    11M / 691M  INFO   Simplification           (parallel_processing.hpp   : 170)   Low coverage edge remover triggered 1 times
  0:00:07.245    11M / 691M  INFO    General                 (simplification.cpp        : 373)   PROCEDURE == Simplification cycle, iteration 11
  0:00:07.245    11M / 691M  INFO   Simplification           (parallel_processing.hpp   : 167)   Running Tip clipper
  0:00:07.245    11M / 691M  INFO   Simplification           (parallel_processing.hpp   : 170)   Tip clipper triggered 0 times
  0:00:07.245    11M / 691M  INFO   Simplification           (parallel_processing.hpp   : 167)   Running Bulge remover
  0:00:07.246    11M / 691M  INFO   Simplification           (parallel_processing.hpp   : 170)   Bulge remover triggered 0 times
  0:00:07.246    11M / 691M  INFO   Simplification           (parallel_processing.hpp   : 167)   Running Low coverage edge remover
  0:00:07.247    11M / 691M  INFO   Simplification           (parallel_processing.hpp   : 170)   Low coverage edge remover triggered 0 times
  0:00:07.247    11M / 691M  INFO   StageManager             (stage.cpp                 : 185)   STAGE == Gap Closer (id: late_gapcloser)
  0:00:07.250    20M / 691M  INFO    General                 (edge_index.hpp            : 113)   Size of edge index entries: 12/8
  0:00:07.252    20M / 691M  INFO    General                 (gap_closer.cpp            : 101)   Total edges in tip neighborhood: 9608 out of 9686, length: 4756380
  0:00:07.252    20M / 691M  INFO    General                 (edge_index.hpp            : 167)   Using small index (max_id = 55177)
  0:00:07.275    20M / 691M  INFO   K-mer Index Building     (kmer_index_builder.hpp    : 395)   Building perfect hash indices
  0:00:07.530    22M / 691M  INFO   K-mer Index Building     (kmer_index_builder.hpp    : 431)   Index built. Total 2378994 kmers, 1719000 bytes occupied (5.78059 bits per kmer).
  0:00:07.532    41M / 691M  INFO    General                 (edge_index_builders.hpp   : 265)   Collecting edge information from graph, this takes a while.
  0:00:07.951    42M / 691M  INFO    General                 (sequence_mapper_notifier.h:  95)   Total 49229 reads processed
  0:00:07.960    21M / 691M  INFO    General                 (gap_closer.cpp            : 452)   Initializing gap closer
  0:00:07.960    21M / 691M  INFO   GapCloser                (gap_closer.cpp            : 359)   Closing short gaps
  0:00:07.964    21M / 691M  INFO   GapCloser                (gap_closer.cpp            : 391)   Closing short gaps complete: filled 0 gaps after checking 78 candidates
  0:00:07.965    21M / 691M  INFO    General                 (gap_closer.cpp            : 456)   Gap closer done
  0:00:07.966    11M / 691M  INFO   StageManager             (stage.cpp                 : 185)   STAGE == Simplification Cleanup (id: simplification_cleanup)
  0:00:07.966    11M / 691M  INFO    General                 (simplification.cpp        : 176)   PROCEDURE == Post simplification
  0:00:07.966    11M / 691M  INFO    General                 (graph_simplification.hpp  : 448)   Disconnection of relatively low covered edges disabled
  0:00:07.966    11M / 691M  INFO    General                 (graph_simplification.hpp  : 485)   Complex tip clipping disabled
  0:00:07.966    11M / 691M  INFO    General                 (graph_simplification.hpp  : 634)   Creating parallel br instance
  0:00:07.966    11M / 691M  INFO   Simplification           (parallel_processing.hpp   : 167)   Running Tip clipper
  0:00:07.967    11M / 691M  INFO   Simplification           (parallel_processing.hpp   : 170)   Tip clipper triggered 0 times
  0:00:07.967    11M / 691M  INFO   Simplification           (parallel_processing.hpp   : 167)   Running Bulge remover
  0:00:07.967    11M / 691M  INFO   Simplification           (parallel_processing.hpp   : 170)   Bulge remover triggered 0 times
  0:00:07.967    11M / 691M  INFO   Simplification           (parallel_processing.hpp   : 167)   Running Tip clipper
  0:00:07.968    11M / 691M  INFO   Simplification           (parallel_processing.hpp   : 170)   Tip clipper triggered 0 times
  0:00:07.968    11M / 691M  INFO   Simplification           (parallel_processing.hpp   : 167)   Running Bulge remover
  0:00:07.969    11M / 691M  INFO   Simplification           (parallel_processing.hpp   : 170)   Bulge remover triggered 0 times
  0:00:07.969    11M / 691M  INFO    General                 (simplification.cpp        : 327)   Disrupting self-conjugate edges
  0:00:07.970    11M / 691M  INFO   Simplification           (parallel_processing.hpp   : 167)   Running Removing isolated edges
  0:00:07.970    11M / 691M  INFO   Simplification           (parallel_processing.hpp   : 170)   Removing isolated edges triggered 6 times
  0:00:07.970    11M / 691M  INFO    General                 (simplification.cpp        : 495)   After simplification:
  0:00:07.970    11M / 691M  INFO    General                 (simplification.cpp        : 496)     Average coverage = 4.78035
  0:00:07.971    11M / 691M  INFO    General                 (simplification.cpp        : 497)     Total length = 2380395
  0:00:07.971    11M / 691M  INFO    General                 (simplification.cpp        : 498)     Median edge length: 563
  0:00:07.971    11M / 691M  INFO    General                 (simplification.cpp        : 499)     Edges: 9674
  0:00:07.971    11M / 691M  INFO    General                 (simplification.cpp        : 500)     Vertices: 19264
  0:00:07.971    11M / 691M  WARN    General                 (simplification.cpp        : 504)   The determined erroneous connection coverage threshold may be determined improperly
  0:00:07.971    11M / 691M  INFO   StageManager             (stage.cpp                 : 185)   STAGE == Contig Output (id: contig_output)
  0:00:07.972    11M / 691M  INFO    General                 (read_converter.cpp        : 107)   Outputting contigs to /gpfs01/home/jc428818/Placement/uce-tutorial/assemblies/gallus/K77/simplified_contigs
  0:00:07.979    14M / 691M  INFO    General                 (binary_converter.cpp      : 111)   4837 reads written
  0:00:07.980    11M / 691M  INFO    General                 (pipeline.cpp              : 287)   SPAdes finished
  0:00:07.986     1M / 691M  INFO    General                 (main.cpp                  : 136)   Assembling time: 0 hours 0 minutes 7 seconds

===== K77 finished. 


===== K99 started. 


== Running: /usr/libexec/spades/spades-core /gpfs01/home/jc428818/Placement/uce-tutorial/assemblies/gallus/K99/configs/config.info

  0:00:00.000     1M / 29M   INFO    General                 (main.cpp                  :  99)   Loaded config from /gpfs01/home/jc428818/Placement/uce-tutorial/assemblies/gallus/K99/configs/config.info
  0:00:00.000     1M / 29M   INFO    General                 (memory_limit.cpp          :  54)   Memory limit set to 250 Gb
  0:00:00.000     1M / 29M   INFO    General                 (main.cpp                  : 107)   Starting SPAdes, built from N/A, git revision N/A
  0:00:00.000     1M / 29M   INFO    General                 (main.cpp                  : 108)   Maximum k-mer length: 128
  0:00:00.000     1M / 29M   INFO    General                 (main.cpp                  : 109)   Assembling dataset (/gpfs01/home/jc428818/Placement/uce-tutorial/assemblies/gallus/dataset.info) with K=99
  0:00:00.000     1M / 29M   INFO    General                 (main.cpp                  : 110)   Maximum # of threads to use (adjusted due to OMP capabilities): 4
  0:00:00.000     1M / 29M   INFO    General                 (pipeline.cpp              : 212)   SPAdes started
  0:00:00.000     1M / 29M   INFO    General                 (pipeline.cpp              : 225)   Starting from stage: read_conversion
  0:00:00.000     1M / 29M   INFO    General                 (pipeline.cpp              : 231)   Two-step repeat resolution disabled
  0:00:00.000     1M / 29M   INFO   GraphCore                (graph_core.hpp            : 672)   Graph created, vertex min_id: 3, edge min_id: 3
  0:00:00.000     1M / 29M   INFO   GraphCore                (graph_core.hpp            : 673)   Vertex size: 48, edge size: 40
  0:00:00.000     1M / 29M   INFO    General                 (edge_index.hpp            : 113)   Size of edge index entries: 12/8
  0:00:00.000     1M / 29M   INFO    General                 (pipeline.cpp              : 242)   Will need read mapping, kmer mapper will be attached
  0:00:00.000     1M / 29M   INFO   StageManager             (stage.cpp                 : 185)   STAGE == Binary Read Conversion (id: read_conversion)
  0:00:00.001     1M / 29M   INFO    General                 (read_converter.cpp        :  53)   Binary reads detected
  0:00:00.001     1M / 29M   INFO   StageManager             (stage.cpp                 : 185)   STAGE == de Bruijn graph construction (id: construction)
  0:00:00.001     1M / 29M   INFO    General                 (construction.cpp          : 118)   Contigs from previous K will be used: /gpfs01/home/jc428818/Placement/uce-tutorial/assemblies/gallus/K77/simplified_contigs
  0:00:00.003     1M / 29M   INFO    General                 (construction.cpp          : 153)   Max read length 251
  0:00:00.003     1M / 29M   INFO    General                 (construction.cpp          : 159)   Average read length 218.008
  0:00:00.003     1M / 29M   INFO    General                 (stage.cpp                 : 117)   PROCEDURE == k+1-mer counting (id: construction:kpomer_counting)
  0:00:00.003     1M / 29M   INFO    General                 (kmer_index_builder.hpp    : 243)   Splitting kmer instances into 40 files using 4 threads. This might take a while.
  0:00:00.003     1M / 29M   INFO    General                 (file_limit.hpp            :  42)   Open file limit set to 16384
  0:00:00.003     1M / 29M   INFO    General                 (kmer_splitter.hpp         :  93)   Memory available for splitting buffers: 20.8333 Gb
  0:00:00.004     1M / 29M   INFO    General                 (kmer_splitter.hpp         : 101)   Using cell size of 419430
  0:00:00.846  2401M / 2401M INFO    General                 (kmer_splitters.hpp        : 125)   Processed 206994 reads
  0:00:00.846     1M / 711M  INFO    General                 (kmer_splitters.hpp        : 131)   Used 206994 reads
  0:00:00.848     1M / 711M  INFO    General                 (kmer_index_builder.hpp    : 249)   Starting k-mer counting.
  0:00:00.935     1M / 711M  INFO    General                 (kmer_index_builder.hpp    : 260)   K-mer counting done. There are 3619950 kmers in total.
  0:00:00.935     1M / 711M  INFO    General                 (stage.cpp                 : 117)   PROCEDURE == Extension index construction (id: construction:extension_index_construction)
  0:00:00.939     1M / 711M  INFO   K-mer Index Building     (kmer_index_builder.hpp    : 438)   Building kmer index
  0:00:00.939     1M / 711M  INFO    General                 (kmer_index_builder.hpp    : 243)   Splitting kmer instances into 40 files using 4 threads. This might take a while.
  0:00:00.939     1M / 711M  INFO    General                 (file_limit.hpp            :  42)   Open file limit set to 16384
  0:00:00.939     1M / 711M  INFO    General                 (kmer_splitter.hpp         :  93)   Memory available for splitting buffers: 20.8333 Gb
  0:00:00.939     1M / 711M  INFO    General                 (kmer_splitter.hpp         : 101)   Using cell size of 419430
  0:00:01.527  2401M / 2401M INFO    General                 (kmer_splitters.hpp        : 194)   Processed 3619950 kmers
  0:00:01.527  2401M / 2401M INFO    General                 (kmer_splitters.hpp        : 199)   Used 3619950 kmers.
  0:00:01.527     1M / 711M  INFO    General                 (kmer_index_builder.hpp    : 249)   Starting k-mer counting.
  0:00:01.620     1M / 711M  INFO    General                 (kmer_index_builder.hpp    : 260)   K-mer counting done. There are 3634333 kmers in total.
  0:00:01.620     1M / 711M  INFO   K-mer Index Building     (kmer_index_builder.hpp    : 395)   Building perfect hash indices
  0:00:01.778     4M / 711M  INFO   K-mer Index Building     (kmer_index_builder.hpp    : 431)   Index built. Total 3634333 kmers, 2654520 bytes occupied (5.84321 bits per kmer).
  0:00:01.778     4M / 711M  INFO    General                 (kmer_index_builder.hpp    : 169)   Merging final buckets.
  0:00:01.875     7M / 711M  INFO   DeBruijnExtensionIndexBu (kmer_extension_index_build: 100)   Building k-mer extensions from k+1-mers
  0:00:02.317     7M / 711M  INFO   DeBruijnExtensionIndexBu (kmer_extension_index_build: 105)   Building k-mer extensions from k+1-mers finished.
  0:00:02.325     7M / 711M  INFO    General                 (stage.cpp                 : 117)   PROCEDURE == Condensing graph (id: construction:graph_condensing)
  0:00:02.326     7M / 711M  INFO   UnbranchingPathExtractor (debruijn_graph_constructor: 354)   Extracting unbranching paths
  0:00:02.809     9M / 711M  INFO   UnbranchingPathExtractor (debruijn_graph_constructor: 373)   Extracting unbranching paths finished. 26034 sequences extracted
  0:00:03.119     9M / 711M  INFO   UnbranchingPathExtractor (debruijn_graph_constructor: 309)   Collecting perfect loops
  0:00:03.212     9M / 711M  INFO   UnbranchingPathExtractor (debruijn_graph_constructor: 342)   Collecting perfect loops finished. 1 loops collected
  0:00:03.218     9M / 711M  INFO    General                 (debruijn_graph_constructor: 487)   Total 52070 edges to create
  0:00:03.218    11M / 711M  INFO    General                 (debruijn_graph_constructor: 489)   Collecting link records
  0:00:03.234    12M / 711M  INFO    General                 (debruijn_graph_constructor: 491)   Ordering link records
  0:00:03.236    12M / 711M  INFO    General                 (debruijn_graph_constructor: 493)   Sorting done
  0:00:03.236    13M / 711M  INFO    General                 (debruijn_graph_constructor: 503)   Total 40418 vertices to create
  0:00:03.236    17M / 711M  INFO    General                 (debruijn_graph_constructor: 506)   Connecting the graph
  0:00:03.270    15M / 711M  INFO    General                 (stage.cpp                 : 117)   PROCEDURE == Filling coverage indices (PHM) (id: construction:coverage_filling_phm)
  0:00:03.270    15M / 711M  INFO   K-mer Index Building     (kmer_index_builder.hpp    : 395)   Building perfect hash indices
  0:00:03.397    18M / 711M  INFO   K-mer Index Building     (kmer_index_builder.hpp    : 431)   Index built. Total 3619950 kmers, 2644208 bytes occupied (5.84363 bits per kmer).
  0:00:03.399    32M / 711M  INFO    General                 (coverage_hash_map_builder.:  47)   Collecting k-mer coverage information from reads, this takes a while.
  0:00:04.013    32M / 711M  INFO    General                 (construction.cpp          : 430)   Filling coverage and flanking coverage from PHM
  0:00:04.372    32M / 711M  INFO    General                 (coverage_filling.hpp      :  82)   Processed 52070 edges
  0:00:04.407     8M / 711M  INFO   StageManager             (stage.cpp                 : 185)   STAGE == EC Threshold Finding (id: ec_threshold_finder)
  0:00:04.407     8M / 711M  INFO    General                 (kmer_coverage_model.cpp   : 181)   Kmer coverage valley at: 50
  0:00:04.407     8M / 711M  INFO    General                 (kmer_coverage_model.cpp   : 201)   K-mer histogram maximum: 51
  0:00:04.407     8M / 711M  WARN    General                 (kmer_coverage_model.cpp   : 218)   Too many erroneous kmers, the estimates might be unreliable
  0:00:04.407     8M / 711M  INFO    General                 (kmer_coverage_model.cpp   : 237)   Estimated median coverage: 51. Coverage mad: 23.6752
  0:00:04.407     8M / 711M  INFO    General                 (kmer_coverage_model.cpp   : 259)   Fitting coverage model
  0:00:04.413     8M / 711M  INFO    General                 (kmer_coverage_model.cpp   : 295)   ... iteration 2
  0:00:04.424     8M / 711M  INFO    General                 (kmer_coverage_model.cpp   : 295)   ... iteration 4
  0:00:04.448     8M / 711M  INFO    General                 (kmer_coverage_model.cpp   : 295)   ... iteration 8
  0:00:04.511     8M / 711M  INFO    General                 (kmer_coverage_model.cpp   : 295)   ... iteration 16
  0:00:04.693     8M / 711M  INFO    General                 (kmer_coverage_model.cpp   : 295)   ... iteration 32
  0:00:04.916     8M / 711M  INFO    General                 (kmer_coverage_model.cpp   : 295)   ... iteration 64
  0:00:05.066     8M / 711M  INFO    General                 (kmer_coverage_model.cpp   : 309)   Fitted mean coverage: 14.1893. Fitted coverage std. dev: 5.92812
  0:00:05.067     8M / 711M  WARN    General                 (kmer_coverage_model.cpp   : 327)   Valley value was estimated improperly, reset to 7
  0:00:05.067     8M / 711M  INFO    General                 (kmer_coverage_model.cpp   : 334)   Probability of erroneous kmer at valley: 0.860873
  0:00:05.067     8M / 711M  WARN    General                 (kmer_coverage_model.cpp   : 366)   Failed to determine erroneous kmer threshold. Threshold set to: 7
  0:00:05.067     8M / 711M  INFO    General                 (kmer_coverage_model.cpp   : 375)   Estimated genome size (ignoring repeats): 445810
  0:00:05.067     8M / 711M  INFO    General                 (genomic_info_filler.cpp   :  57)   Failed to estimate mean coverage
  0:00:05.067     8M / 711M  INFO    General                 (genomic_info_filler.cpp   :  70)   EC coverage threshold value was calculated as 7
  0:00:05.067     8M / 711M  INFO    General                 (genomic_info_filler.cpp   :  71)   Trusted kmer low bound: 0
  0:00:05.067     8M / 711M  INFO   StageManager             (stage.cpp                 : 185)   STAGE == Gap Closer (id: early_gapcloser)
  0:00:05.070    17M / 711M  INFO    General                 (edge_index.hpp            : 113)   Size of edge index entries: 12/8
  0:00:05.082    19M / 711M  INFO    General                 (gap_closer.cpp            : 101)   Total edges in tip neighborhood: 41449 out of 52070, length: 6078947
  0:00:05.084    19M / 711M  INFO    General                 (edge_index.hpp            : 167)   Using small index (max_id = 52333)
  0:00:05.122    19M / 711M  INFO   K-mer Index Building     (kmer_index_builder.hpp    : 395)   Building perfect hash indices
  0:00:05.541    21M / 711M  INFO   K-mer Index Building     (kmer_index_builder.hpp    : 431)   Index built. Total 3495725 kmers, 2525576 bytes occupied (5.7798 bits per kmer).
  0:00:05.547    48M / 711M  INFO    General                 (edge_index_builders.hpp   : 265)   Collecting edge information from graph, this takes a while.
  0:00:05.908    49M / 711M  INFO    General                 (sequence_mapper_notifier.h:  95)   Total 49229 reads processed
  0:00:05.924    20M / 711M  INFO    General                 (gap_closer.cpp            : 452)   Initializing gap closer
  0:00:05.925    20M / 711M  INFO   GapCloser                (gap_closer.cpp            : 359)   Closing short gaps
  0:00:05.953    20M / 711M  INFO   GapCloser                (gap_closer.cpp            : 391)   Closing short gaps complete: filled 2 gaps after checking 3924 candidates
  0:00:05.954    20M / 711M  INFO    General                 (gap_closer.cpp            : 456)   Gap closer done
  0:00:05.956     8M / 711M  INFO   StageManager             (stage.cpp                 : 185)   STAGE == Raw Simplification (id: raw_simplification)
  0:00:05.956     8M / 711M  INFO    General                 (simplification.cpp        : 127)   PROCEDURE == Initial cleaning
  0:00:05.956     8M / 711M  INFO    General                 (simplification.cpp        :  66)   Most init cleaning disabled since detected mean 0 was less than activation coverage 10
  0:00:05.956     8M / 711M  INFO   Simplification           (parallel_processing.hpp   : 167)   Running Self conjugate edge remover
  0:00:05.958     8M / 711M  INFO   Simplification           (parallel_processing.hpp   : 170)   Self conjugate edge remover triggered 0 times
  0:00:05.958     8M / 711M  INFO   StageManager             (stage.cpp                 : 185)   STAGE == Simplification (id: simplification)
  0:00:05.958     8M / 711M  INFO    General                 (simplification.cpp        : 368)   Graph simplification started
  0:00:05.958     8M / 711M  INFO    General                 (graph_simplification.hpp  : 634)   Creating parallel br instance
  0:00:05.958     8M / 711M  INFO    General                 (simplification.cpp        : 373)   PROCEDURE == Simplification cycle, iteration 1
  0:00:05.958     8M / 711M  INFO   Simplification           (parallel_processing.hpp   : 167)   Running Tip clipper
  0:00:05.989     8M / 711M  INFO   Simplification           (parallel_processing.hpp   : 170)   Tip clipper triggered 5065 times
  0:00:05.990     8M / 711M  INFO   Simplification           (parallel_processing.hpp   : 167)   Running Bulge remover
  0:00:06.042    14M / 711M  INFO   Simplification           (parallel_processing.hpp   : 170)   Bulge remover triggered 369 times
  0:00:06.043    14M / 711M  INFO   Simplification           (parallel_processing.hpp   : 167)   Running Low coverage edge remover
  0:00:06.045    14M / 711M  INFO   Simplification           (parallel_processing.hpp   : 170)   Low coverage edge remover triggered 0 times
  0:00:06.045    14M / 711M  INFO    General                 (simplification.cpp        : 373)   PROCEDURE == Simplification cycle, iteration 2
  0:00:06.045    14M / 711M  INFO   Simplification           (parallel_processing.hpp   : 167)   Running Tip clipper
  0:00:06.045    14M / 711M  INFO   Simplification           (parallel_processing.hpp   : 170)   Tip clipper triggered 1 times
  0:00:06.045    14M / 711M  INFO   Simplification           (parallel_processing.hpp   : 167)   Running Bulge remover
  0:00:06.045    14M / 711M  INFO   Simplification           (parallel_processing.hpp   : 170)   Bulge remover triggered 0 times
  0:00:06.045    14M / 711M  INFO   Simplification           (parallel_processing.hpp   : 167)   Running Low coverage edge remover
  0:00:06.045    14M / 711M  INFO   Simplification           (parallel_processing.hpp   : 170)   Low coverage edge remover triggered 11 times
  0:00:06.045    14M / 711M  INFO    General                 (simplification.cpp        : 373)   PROCEDURE == Simplification cycle, iteration 3
  0:00:06.045    14M / 711M  INFO   Simplification           (parallel_processing.hpp   : 167)   Running Tip clipper
  0:00:06.045    14M / 711M  INFO   Simplification           (parallel_processing.hpp   : 170)   Tip clipper triggered 6 times
  0:00:06.045    14M / 711M  INFO   Simplification           (parallel_processing.hpp   : 167)   Running Bulge remover
  0:00:06.045    14M / 711M  INFO   Simplification           (parallel_processing.hpp   : 170)   Bulge remover triggered 1 times
  0:00:06.045    14M / 711M  INFO   Simplification           (parallel_processing.hpp   : 167)   Running Low coverage edge remover
  0:00:06.045    14M / 711M  INFO   Simplification           (parallel_processing.hpp   : 170)   Low coverage edge remover triggered 3 times
  0:00:06.045    14M / 711M  INFO    General                 (simplification.cpp        : 373)   PROCEDURE == Simplification cycle, iteration 4
  0:00:06.045    14M / 711M  INFO   Simplification           (parallel_processing.hpp   : 167)   Running Tip clipper
  0:00:06.045    14M / 711M  INFO   Simplification           (parallel_processing.hpp   : 170)   Tip clipper triggered 0 times
  0:00:06.045    14M / 711M  INFO   Simplification           (parallel_processing.hpp   : 167)   Running Bulge remover
  0:00:06.046    14M / 711M  INFO   Simplification           (parallel_processing.hpp   : 170)   Bulge remover triggered 2 times
  0:00:06.046    14M / 711M  INFO   Simplification           (parallel_processing.hpp   : 167)   Running Low coverage edge remover
  0:00:06.046    14M / 711M  INFO   Simplification           (parallel_processing.hpp   : 170)   Low coverage edge remover triggered 0 times
  0:00:06.046    14M / 711M  INFO    General                 (simplification.cpp        : 373)   PROCEDURE == Simplification cycle, iteration 5
  0:00:06.046    14M / 711M  INFO   Simplification           (parallel_processing.hpp   : 167)   Running Tip clipper
  0:00:06.046    14M / 711M  INFO   Simplification           (parallel_processing.hpp   : 170)   Tip clipper triggered 0 times
  0:00:06.046    14M / 711M  INFO   Simplification           (parallel_processing.hpp   : 167)   Running Bulge remover
  0:00:06.046    14M / 711M  INFO   Simplification           (parallel_processing.hpp   : 170)   Bulge remover triggered 0 times
  0:00:06.046    14M / 711M  INFO   Simplification           (parallel_processing.hpp   : 167)   Running Low coverage edge remover
  0:00:06.046    14M / 711M  INFO   Simplification           (parallel_processing.hpp   : 170)   Low coverage edge remover triggered 0 times
  0:00:06.046    14M / 711M  INFO    General                 (simplification.cpp        : 373)   PROCEDURE == Simplification cycle, iteration 6
  0:00:06.046    14M / 711M  INFO   Simplification           (parallel_processing.hpp   : 167)   Running Tip clipper
  0:00:06.046    14M / 711M  INFO   Simplification           (parallel_processing.hpp   : 170)   Tip clipper triggered 0 times
  0:00:06.046    14M / 711M  INFO   Simplification           (parallel_processing.hpp   : 167)   Running Bulge remover
  0:00:06.046    14M / 711M  INFO   Simplification           (parallel_processing.hpp   : 170)   Bulge remover triggered 0 times
  0:00:06.046    14M / 711M  INFO   Simplification           (parallel_processing.hpp   : 167)   Running Low coverage edge remover
  0:00:06.046    14M / 711M  INFO   Simplification           (parallel_processing.hpp   : 170)   Low coverage edge remover triggered 1 times
  0:00:06.046    14M / 711M  INFO    General                 (simplification.cpp        : 373)   PROCEDURE == Simplification cycle, iteration 7
  0:00:06.046    14M / 711M  INFO   Simplification           (parallel_processing.hpp   : 167)   Running Tip clipper
  0:00:06.046    14M / 711M  INFO   Simplification           (parallel_processing.hpp   : 170)   Tip clipper triggered 0 times
  0:00:06.046    14M / 711M  INFO   Simplification           (parallel_processing.hpp   : 167)   Running Bulge remover
  0:00:06.046    14M / 711M  INFO   Simplification           (parallel_processing.hpp   : 170)   Bulge remover triggered 0 times
  0:00:06.046    14M / 711M  INFO   Simplification           (parallel_processing.hpp   : 167)   Running Low coverage edge remover
  0:00:06.046    14M / 711M  INFO   Simplification           (parallel_processing.hpp   : 170)   Low coverage edge remover triggered 0 times
  0:00:06.046    14M / 711M  INFO    General                 (simplification.cpp        : 373)   PROCEDURE == Simplification cycle, iteration 8
  0:00:06.046    14M / 711M  INFO   Simplification           (parallel_processing.hpp   : 167)   Running Tip clipper
  0:00:06.046    14M / 711M  INFO   Simplification           (parallel_processing.hpp   : 170)   Tip clipper triggered 0 times
  0:00:06.046    14M / 711M  INFO   Simplification           (parallel_processing.hpp   : 167)   Running Bulge remover
  0:00:06.046    14M / 711M  INFO   Simplification           (parallel_processing.hpp   : 170)   Bulge remover triggered 0 times
  0:00:06.046    14M / 711M  INFO   Simplification           (parallel_processing.hpp   : 167)   Running Low coverage edge remover
  0:00:06.046    14M / 711M  INFO   Simplification           (parallel_processing.hpp   : 170)   Low coverage edge remover triggered 0 times
  0:00:06.046    14M / 711M  INFO    General                 (simplification.cpp        : 373)   PROCEDURE == Simplification cycle, iteration 9
  0:00:06.046    14M / 711M  INFO   Simplification           (parallel_processing.hpp   : 167)   Running Tip clipper
  0:00:06.046    14M / 711M  INFO   Simplification           (parallel_processing.hpp   : 170)   Tip clipper triggered 0 times
  0:00:06.046    14M / 711M  INFO   Simplification           (parallel_processing.hpp   : 167)   Running Bulge remover
  0:00:06.046    14M / 711M  INFO   Simplification           (parallel_processing.hpp   : 170)   Bulge remover triggered 0 times
  0:00:06.046    14M / 711M  INFO   Simplification           (parallel_processing.hpp   : 167)   Running Low coverage edge remover
  0:00:06.046    14M / 711M  INFO   Simplification           (parallel_processing.hpp   : 170)   Low coverage edge remover triggered 0 times
  0:00:06.046    14M / 711M  INFO    General                 (simplification.cpp        : 373)   PROCEDURE == Simplification cycle, iteration 10
  0:00:06.046    14M / 711M  INFO   Simplification           (parallel_processing.hpp   : 167)   Running Tip clipper
  0:00:06.046    14M / 711M  INFO   Simplification           (parallel_processing.hpp   : 170)   Tip clipper triggered 0 times
  0:00:06.046    14M / 711M  INFO   Simplification           (parallel_processing.hpp   : 167)   Running Bulge remover
  0:00:06.046    14M / 711M  INFO   Simplification           (parallel_processing.hpp   : 170)   Bulge remover triggered 0 times
  0:00:06.046    14M / 711M  INFO   Simplification           (parallel_processing.hpp   : 167)   Running Low coverage edge remover
  0:00:06.046    14M / 711M  INFO   Simplification           (parallel_processing.hpp   : 170)   Low coverage edge remover triggered 0 times
  0:00:06.046    14M / 711M  INFO    General                 (simplification.cpp        : 373)   PROCEDURE == Simplification cycle, iteration 11
  0:00:06.046    14M / 711M  INFO   Simplification           (parallel_processing.hpp   : 167)   Running Tip clipper
  0:00:06.048    14M / 711M  INFO   Simplification           (parallel_processing.hpp   : 170)   Tip clipper triggered 1 times
  0:00:06.048    14M / 711M  INFO   Simplification           (parallel_processing.hpp   : 167)   Running Bulge remover
  0:00:06.049    14M / 711M  INFO   Simplification           (parallel_processing.hpp   : 170)   Bulge remover triggered 0 times
  0:00:06.049    14M / 711M  INFO   Simplification           (parallel_processing.hpp   : 167)   Running Low coverage edge remover
  0:00:06.050    14M / 711M  INFO   Simplification           (parallel_processing.hpp   : 170)   Low coverage edge remover triggered 0 times
  0:00:06.050    14M / 711M  INFO    General                 (simplification.cpp        : 373)   PROCEDURE == Simplification cycle, iteration 12
  0:00:06.050    14M / 711M  INFO   Simplification           (parallel_processing.hpp   : 167)   Running Tip clipper
  0:00:06.050    14M / 711M  INFO   Simplification           (parallel_processing.hpp   : 170)   Tip clipper triggered 0 times
  0:00:06.050    14M / 711M  INFO   Simplification           (parallel_processing.hpp   : 167)   Running Bulge remover
  0:00:06.050    14M / 711M  INFO   Simplification           (parallel_processing.hpp   : 170)   Bulge remover triggered 0 times
  0:00:06.050    14M / 711M  INFO   Simplification           (parallel_processing.hpp   : 167)   Running Low coverage edge remover
  0:00:06.050    14M / 711M  INFO   Simplification           (parallel_processing.hpp   : 170)   Low coverage edge remover triggered 0 times
  0:00:06.052    14M / 711M  INFO   StageManager             (stage.cpp                 : 185)   STAGE == Gap Closer (id: late_gapcloser)
  0:00:06.055    23M / 711M  INFO    General                 (edge_index.hpp            : 113)   Size of edge index entries: 12/8
  0:00:06.061    24M / 711M  INFO    General                 (gap_closer.cpp            : 101)   Total edges in tip neighborhood: 29536 out of 29590, length: 6746048
  0:00:06.062    24M / 711M  INFO    General                 (edge_index.hpp            : 167)   Using small index (max_id = 52333)
  0:00:06.097    24M / 711M  INFO   K-mer Index Building     (kmer_index_builder.hpp    : 395)   Building perfect hash indices
  0:00:06.497    27M / 711M  INFO   K-mer Index Building     (kmer_index_builder.hpp    : 431)   Index built. Total 3373024 kmers, 2436944 bytes occupied (5.77984 bits per kmer).
  0:00:06.501    53M / 711M  INFO    General                 (edge_index_builders.hpp   : 265)   Collecting edge information from graph, this takes a while.
  0:00:06.864    54M / 711M  INFO    General                 (sequence_mapper_notifier.h:  95)   Total 49229 reads processed
  0:00:06.879    25M / 711M  INFO    General                 (gap_closer.cpp            : 452)   Initializing gap closer
  0:00:06.879    25M / 711M  INFO   GapCloser                (gap_closer.cpp            : 359)   Closing short gaps
  0:00:06.890    25M / 711M  INFO   GapCloser                (gap_closer.cpp            : 391)   Closing short gaps complete: filled 1 gaps after checking 234 candidates
  0:00:06.891    25M / 711M  INFO    General                 (gap_closer.cpp            : 456)   Gap closer done
  0:00:06.894    14M / 711M  INFO   StageManager             (stage.cpp                 : 185)   STAGE == Simplification Cleanup (id: simplification_cleanup)
  0:00:06.894    14M / 711M  INFO    General                 (simplification.cpp        : 176)   PROCEDURE == Post simplification
  0:00:06.894    14M / 711M  INFO    General                 (graph_simplification.hpp  : 448)   Disconnection of relatively low covered edges disabled
  0:00:06.894    14M / 711M  INFO    General                 (graph_simplification.hpp  : 485)   Complex tip clipping disabled
  0:00:06.894    14M / 711M  INFO    General                 (graph_simplification.hpp  : 634)   Creating parallel br instance
  0:00:06.894    14M / 711M  INFO   Simplification           (parallel_processing.hpp   : 167)   Running Tip clipper
  0:00:06.896    14M / 711M  INFO   Simplification           (parallel_processing.hpp   : 170)   Tip clipper triggered 0 times
  0:00:06.896    14M / 711M  INFO   Simplification           (parallel_processing.hpp   : 167)   Running Bulge remover
  0:00:06.897    14M / 711M  INFO   Simplification           (parallel_processing.hpp   : 170)   Bulge remover triggered 0 times
  0:00:06.897    14M / 711M  INFO   Simplification           (parallel_processing.hpp   : 167)   Running Tip clipper
  0:00:06.898    14M / 711M  INFO   Simplification           (parallel_processing.hpp   : 170)   Tip clipper triggered 0 times
  0:00:06.898    14M / 711M  INFO   Simplification           (parallel_processing.hpp   : 167)   Running Bulge remover
  0:00:06.899    14M / 711M  INFO   Simplification           (parallel_processing.hpp   : 170)   Bulge remover triggered 0 times
  0:00:06.899    14M / 711M  INFO    General                 (simplification.cpp        : 327)   Disrupting self-conjugate edges
  0:00:06.902    14M / 711M  INFO   Simplification           (parallel_processing.hpp   : 167)   Running Removing isolated edges
  0:00:06.912    13M / 711M  INFO   Simplification           (parallel_processing.hpp   : 170)   Removing isolated edges triggered 10364 times
  0:00:06.913    13M / 711M  INFO    General                 (simplification.cpp        : 495)   After simplification:
  0:00:06.913    13M / 711M  INFO    General                 (simplification.cpp        : 496)     Average coverage = 4.3632
  0:00:06.913    13M / 711M  INFO    General                 (simplification.cpp        : 497)     Total length = 2177620
  0:00:06.913    13M / 711M  INFO    General                 (simplification.cpp        : 498)     Median edge length: 555
  0:00:06.913    13M / 711M  INFO    General                 (simplification.cpp        : 499)     Edges: 8860
  0:00:06.913    13M / 711M  INFO    General                 (simplification.cpp        : 500)     Vertices: 17666
  0:00:06.913    13M / 711M  WARN    General                 (simplification.cpp        : 504)   The determined erroneous connection coverage threshold may be determined improperly
  0:00:06.913    13M / 711M  INFO   StageManager             (stage.cpp                 : 185)   STAGE == Contig Output (id: contig_output)
  0:00:06.914    13M / 711M  INFO    General                 (read_converter.cpp        : 107)   Outputting contigs to /gpfs01/home/jc428818/Placement/uce-tutorial/assemblies/gallus/K99/simplified_contigs
  0:00:06.921    15M / 711M  INFO    General                 (binary_converter.cpp      : 111)   4430 reads written
  0:00:06.923    13M / 711M  INFO    General                 (pipeline.cpp              : 287)   SPAdes finished
  0:00:06.932     1M / 711M  INFO    General                 (main.cpp                  : 136)   Assembling time: 0 hours 0 minutes 6 seconds

===== K99 finished. 


===== K127 started. 


== Running: /usr/libexec/spades/spades-core /gpfs01/home/jc428818/Placement/uce-tutorial/assemblies/gallus/K127/configs/config.info

  0:00:00.000     1M / 29M   INFO    General                 (main.cpp                  :  99)   Loaded config from /gpfs01/home/jc428818/Placement/uce-tutorial/assemblies/gallus/K127/configs/config.info
  0:00:00.000     1M / 29M   INFO    General                 (memory_limit.cpp          :  54)   Memory limit set to 250 Gb
  0:00:00.000     1M / 29M   INFO    General                 (main.cpp                  : 107)   Starting SPAdes, built from N/A, git revision N/A
  0:00:00.000     1M / 29M   INFO    General                 (main.cpp                  : 108)   Maximum k-mer length: 128
  0:00:00.000     1M / 29M   INFO    General                 (main.cpp                  : 109)   Assembling dataset (/gpfs01/home/jc428818/Placement/uce-tutorial/assemblies/gallus/dataset.info) with K=127
  0:00:00.000     1M / 29M   INFO    General                 (main.cpp                  : 110)   Maximum # of threads to use (adjusted due to OMP capabilities): 4
  0:00:00.000     1M / 29M   INFO    General                 (pipeline.cpp              : 212)   SPAdes started
  0:00:00.000     1M / 29M   INFO    General                 (pipeline.cpp              : 225)   Starting from stage: read_conversion
  0:00:00.000     1M / 29M   INFO    General                 (pipeline.cpp              : 231)   Two-step repeat resolution disabled
  0:00:00.000     1M / 29M   INFO   GraphCore                (graph_core.hpp            : 672)   Graph created, vertex min_id: 3, edge min_id: 3
  0:00:00.000     1M / 29M   INFO   GraphCore                (graph_core.hpp            : 673)   Vertex size: 48, edge size: 40
  0:00:00.000     1M / 29M   INFO    General                 (edge_index.hpp            : 113)   Size of edge index entries: 12/8
  0:00:00.000     1M / 29M   INFO    General                 (pipeline.cpp              : 242)   Will need read mapping, kmer mapper will be attached
  0:00:00.000     1M / 29M   INFO   StageManager             (stage.cpp                 : 185)   STAGE == Binary Read Conversion (id: read_conversion)
  0:00:00.000     1M / 29M   INFO    General                 (read_converter.cpp        :  53)   Binary reads detected
  0:00:00.001     1M / 29M   INFO   StageManager             (stage.cpp                 : 185)   STAGE == de Bruijn graph construction (id: construction)
  0:00:00.001     1M / 29M   INFO    General                 (construction.cpp          : 118)   Contigs from previous K will be used: /gpfs01/home/jc428818/Placement/uce-tutorial/assemblies/gallus/K99/simplified_contigs
  0:00:00.001     1M / 29M   INFO    General                 (construction.cpp          : 153)   Max read length 251
  0:00:00.001     1M / 29M   INFO    General                 (construction.cpp          : 159)   Average read length 218.008
  0:00:00.002     1M / 29M   INFO    General                 (stage.cpp                 : 117)   PROCEDURE == k+1-mer counting (id: construction:kpomer_counting)
  0:00:00.002     1M / 29M   INFO    General                 (kmer_index_builder.hpp    : 243)   Splitting kmer instances into 40 files using 4 threads. This might take a while.
  0:00:00.002     1M / 29M   INFO    General                 (file_limit.hpp            :  42)   Open file limit set to 16384
  0:00:00.002     1M / 29M   INFO    General                 (kmer_splitter.hpp         :  93)   Memory available for splitting buffers: 20.8333 Gb
  0:00:00.002     1M / 29M   INFO    General                 (kmer_splitter.hpp         : 101)   Using cell size of 419430
  0:00:00.707  2401M / 2401M INFO    General                 (kmer_splitters.hpp        : 125)   Processed 206180 reads
  0:00:00.707     1M / 690M  INFO    General                 (kmer_splitters.hpp        : 131)   Used 206180 reads
  0:00:00.709     1M / 690M  INFO    General                 (kmer_index_builder.hpp    : 249)   Starting k-mer counting.
  0:00:00.784     1M / 690M  INFO    General                 (kmer_index_builder.hpp    : 260)   K-mer counting done. There are 3217188 kmers in total.
  0:00:00.785     1M / 690M  INFO    General                 (stage.cpp                 : 117)   PROCEDURE == Extension index construction (id: construction:extension_index_construction)
  0:00:00.787     1M / 690M  INFO   K-mer Index Building     (kmer_index_builder.hpp    : 438)   Building kmer index
  0:00:00.787     1M / 690M  INFO    General                 (kmer_index_builder.hpp    : 243)   Splitting kmer instances into 40 files using 4 threads. This might take a while.
  0:00:00.787     1M / 690M  INFO    General                 (file_limit.hpp            :  42)   Open file limit set to 16384
  0:00:00.787     1M / 690M  INFO    General                 (kmer_splitter.hpp         :  93)   Memory available for splitting buffers: 20.8333 Gb
  0:00:00.787     1M / 690M  INFO    General                 (kmer_splitter.hpp         : 101)   Using cell size of 419430
  0:00:01.299  2401M / 2401M INFO    General                 (kmer_splitters.hpp        : 194)   Processed 3217188 kmers
  0:00:01.299  2401M / 2401M INFO    General                 (kmer_splitters.hpp        : 199)   Used 3217188 kmers.
  0:00:01.299     1M / 690M  INFO    General                 (kmer_index_builder.hpp    : 249)   Starting k-mer counting.
  0:00:01.371     1M / 690M  INFO    General                 (kmer_index_builder.hpp    : 260)   K-mer counting done. There are 3231212 kmers in total.
  0:00:01.371     1M / 690M  INFO   K-mer Index Building     (kmer_index_builder.hpp    : 395)   Building perfect hash indices
  0:00:01.507     3M / 690M  INFO   K-mer Index Building     (kmer_index_builder.hpp    : 431)   Index built. Total 3231212 kmers, 2363632 bytes occupied (5.852 bits per kmer).
  0:00:01.507     3M / 690M  INFO    General                 (kmer_index_builder.hpp    : 169)   Merging final buckets.
  0:00:01.606     6M / 690M  INFO   DeBruijnExtensionIndexBu (kmer_extension_index_build: 100)   Building k-mer extensions from k+1-mers
  0:00:01.990     6M / 690M  INFO   DeBruijnExtensionIndexBu (kmer_extension_index_build: 105)   Building k-mer extensions from k+1-mers finished.
  0:00:01.996     6M / 690M  INFO    General                 (stage.cpp                 : 117)   PROCEDURE == Condensing graph (id: construction:graph_condensing)
  0:00:01.998     6M / 690M  INFO   UnbranchingPathExtractor (debruijn_graph_constructor: 354)   Extracting unbranching paths
  0:00:02.418     9M / 690M  INFO   UnbranchingPathExtractor (debruijn_graph_constructor: 373)   Extracting unbranching paths finished. 24066 sequences extracted
  0:00:02.661     9M / 690M  INFO   UnbranchingPathExtractor (debruijn_graph_constructor: 309)   Collecting perfect loops
  0:00:02.740     9M / 690M  INFO   UnbranchingPathExtractor (debruijn_graph_constructor: 342)   Collecting perfect loops finished. 2 loops collected
  0:00:02.746     9M / 690M  INFO    General                 (debruijn_graph_constructor: 487)   Total 48136 edges to create
  0:00:02.746    11M / 690M  INFO    General                 (debruijn_graph_constructor: 489)   Collecting link records
  0:00:02.759    11M / 690M  INFO    General                 (debruijn_graph_constructor: 491)   Ordering link records
  0:00:02.761    11M / 690M  INFO    General                 (debruijn_graph_constructor: 493)   Sorting done
  0:00:02.761    12M / 690M  INFO    General                 (debruijn_graph_constructor: 503)   Total 38092 vertices to create
  0:00:02.761    16M / 690M  INFO    General                 (debruijn_graph_constructor: 506)   Connecting the graph
  0:00:02.784    14M / 690M  INFO    General                 (stage.cpp                 : 117)   PROCEDURE == Filling coverage indices (PHM) (id: construction:coverage_filling_phm)
  0:00:02.784    14M / 690M  INFO   K-mer Index Building     (kmer_index_builder.hpp    : 395)   Building perfect hash indices
  0:00:02.897    16M / 690M  INFO   K-mer Index Building     (kmer_index_builder.hpp    : 431)   Index built. Total 3217188 kmers, 2353480 bytes occupied (5.85227 bits per kmer).
  0:00:02.900    29M / 690M  INFO    General                 (coverage_hash_map_builder.:  47)   Collecting k-mer coverage information from reads, this takes a while.
  0:00:03.372    29M / 690M  INFO    General                 (construction.cpp          : 430)   Filling coverage and flanking coverage from PHM
  0:00:03.620    29M / 690M  INFO    General                 (coverage_filling.hpp      :  82)   Processed 48136 edges
  0:00:03.648     8M / 690M  INFO   StageManager             (stage.cpp                 : 185)   STAGE == EC Threshold Finding (id: ec_threshold_finder)
  0:00:03.649     8M / 690M  INFO    General                 (kmer_coverage_model.cpp   : 181)   Kmer coverage valley at: 38
  0:00:03.649     8M / 690M  INFO    General                 (kmer_coverage_model.cpp   : 201)   K-mer histogram maximum: 39
  0:00:03.649     8M / 690M  WARN    General                 (kmer_coverage_model.cpp   : 218)   Too many erroneous kmers, the estimates might be unreliable
  0:00:03.649     8M / 690M  INFO    General                 (kmer_coverage_model.cpp   : 237)   Estimated median coverage: 39. Coverage mad: 20.7034
  0:00:03.649     8M / 690M  INFO    General                 (kmer_coverage_model.cpp   : 259)   Fitting coverage model
  0:00:03.653     8M / 690M  INFO    General                 (kmer_coverage_model.cpp   : 295)   ... iteration 2
  0:00:03.662     8M / 690M  INFO    General                 (kmer_coverage_model.cpp   : 295)   ... iteration 4
  0:00:03.698     8M / 690M  INFO    General                 (kmer_coverage_model.cpp   : 295)   ... iteration 8
  0:00:03.797     8M / 690M  INFO    General                 (kmer_coverage_model.cpp   : 295)   ... iteration 16
  0:00:03.954     8M / 690M  INFO    General                 (kmer_coverage_model.cpp   : 295)   ... iteration 32
  0:00:04.115     8M / 690M  INFO    General                 (kmer_coverage_model.cpp   : 295)   ... iteration 64
  0:00:04.226     8M / 690M  INFO    General                 (kmer_coverage_model.cpp   : 309)   Fitted mean coverage: 11.5054. Fitted coverage std. dev: 4.65091
  0:00:04.226     8M / 690M  WARN    General                 (kmer_coverage_model.cpp   : 327)   Valley value was estimated improperly, reset to 6
  0:00:04.226     8M / 690M  INFO    General                 (kmer_coverage_model.cpp   : 334)   Probability of erroneous kmer at valley: 0.846195
  0:00:04.226     8M / 690M  WARN    General                 (kmer_coverage_model.cpp   : 366)   Failed to determine erroneous kmer threshold. Threshold set to: 6
  0:00:04.226     8M / 690M  INFO    General                 (kmer_coverage_model.cpp   : 375)   Estimated genome size (ignoring repeats): 411826
  0:00:04.226     8M / 690M  INFO    General                 (genomic_info_filler.cpp   :  57)   Failed to estimate mean coverage
  0:00:04.226     8M / 690M  INFO    General                 (genomic_info_filler.cpp   :  70)   EC coverage threshold value was calculated as 6
  0:00:04.226     8M / 690M  INFO    General                 (genomic_info_filler.cpp   :  71)   Trusted kmer low bound: 0
  0:00:04.226     8M / 690M  INFO   StageManager             (stage.cpp                 : 185)   STAGE == Gap Closer (id: early_gapcloser)
  0:00:04.229    17M / 690M  INFO    General                 (edge_index.hpp            : 113)   Size of edge index entries: 12/8
  0:00:04.240    19M / 690M  INFO    General                 (gap_closer.cpp            : 101)   Total edges in tip neighborhood: 39364 out of 48136, length: 5440378
  0:00:04.241    19M / 690M  INFO    General                 (edge_index.hpp            : 167)   Using small index (max_id = 48379)
  0:00:04.279    19M / 690M  INFO   K-mer Index Building     (kmer_index_builder.hpp    : 395)   Building perfect hash indices
  0:00:04.637    21M / 690M  INFO   K-mer Index Building     (kmer_index_builder.hpp    : 431)   Index built. Total 3118140 kmers, 2252864 bytes occupied (5.78002 bits per kmer).
  0:00:04.642    45M / 690M  INFO    General                 (edge_index_builders.hpp   : 265)   Collecting edge information from graph, this takes a while.
  0:00:04.964    46M / 690M  INFO    General                 (sequence_mapper_notifier.h:  95)   Total 49229 reads processed
  0:00:04.979    20M / 690M  INFO    General                 (gap_closer.cpp            : 452)   Initializing gap closer
  0:00:04.979    20M / 690M  INFO   GapCloser                (gap_closer.cpp            : 359)   Closing short gaps
  0:00:05.006    20M / 690M  INFO   GapCloser                (gap_closer.cpp            : 391)   Closing short gaps complete: filled 6 gaps after checking 3467 candidates
  0:00:05.007    20M / 690M  INFO    General                 (gap_closer.cpp            : 456)   Gap closer done
  0:00:05.009     8M / 690M  INFO   StageManager             (stage.cpp                 : 185)   STAGE == Raw Simplification (id: raw_simplification)
  0:00:05.009     8M / 690M  INFO    General                 (simplification.cpp        : 127)   PROCEDURE == Initial cleaning
  0:00:05.009     8M / 690M  INFO    General                 (simplification.cpp        :  66)   Most init cleaning disabled since detected mean 0 was less than activation coverage 10
  0:00:05.009     8M / 690M  INFO   Simplification           (parallel_processing.hpp   : 167)   Running Self conjugate edge remover
  0:00:05.011     8M / 690M  INFO   Simplification           (parallel_processing.hpp   : 170)   Self conjugate edge remover triggered 0 times
  0:00:05.011     8M / 690M  INFO   StageManager             (stage.cpp                 : 185)   STAGE == Simplification (id: simplification)
  0:00:05.011     8M / 690M  INFO    General                 (simplification.cpp        : 368)   Graph simplification started
  0:00:05.011     8M / 690M  INFO    General                 (graph_simplification.hpp  : 634)   Creating parallel br instance
  0:00:05.011     8M / 690M  INFO    General                 (simplification.cpp        : 373)   PROCEDURE == Simplification cycle, iteration 1
  0:00:05.011     8M / 690M  INFO   Simplification           (parallel_processing.hpp   : 167)   Running Tip clipper
  0:00:05.036     8M / 690M  INFO   Simplification           (parallel_processing.hpp   : 170)   Tip clipper triggered 4686 times
  0:00:05.037     8M / 690M  INFO   Simplification           (parallel_processing.hpp   : 167)   Running Bulge remover
  0:00:05.069    11M / 690M  INFO   Simplification           (parallel_processing.hpp   : 170)   Bulge remover triggered 173 times
  0:00:05.069    11M / 690M  INFO   Simplification           (parallel_processing.hpp   : 167)   Running Low coverage edge remover
  0:00:05.070    11M / 690M  INFO   Simplification           (parallel_processing.hpp   : 170)   Low coverage edge remover triggered 0 times
  0:00:05.070    11M / 690M  INFO    General                 (simplification.cpp        : 373)   PROCEDURE == Simplification cycle, iteration 2
  0:00:05.070    11M / 690M  INFO   Simplification           (parallel_processing.hpp   : 167)   Running Tip clipper
  0:00:05.070    11M / 690M  INFO   Simplification           (parallel_processing.hpp   : 170)   Tip clipper triggered 0 times
  0:00:05.070    11M / 690M  INFO   Simplification           (parallel_processing.hpp   : 167)   Running Bulge remover
  0:00:05.070    11M / 690M  INFO   Simplification           (parallel_processing.hpp   : 170)   Bulge remover triggered 0 times
  0:00:05.070    11M / 690M  INFO   Simplification           (parallel_processing.hpp   : 167)   Running Low coverage edge remover
  0:00:05.070    11M / 690M  INFO   Simplification           (parallel_processing.hpp   : 170)   Low coverage edge remover triggered 0 times
  0:00:05.070    11M / 690M  INFO    General                 (simplification.cpp        : 373)   PROCEDURE == Simplification cycle, iteration 3
  0:00:05.070    11M / 690M  INFO   Simplification           (parallel_processing.hpp   : 167)   Running Tip clipper
  0:00:05.070    11M / 690M  INFO   Simplification           (parallel_processing.hpp   : 170)   Tip clipper triggered 0 times
  0:00:05.070    11M / 690M  INFO   Simplification           (parallel_processing.hpp   : 167)   Running Bulge remover
  0:00:05.070    11M / 690M  INFO   Simplification           (parallel_processing.hpp   : 170)   Bulge remover triggered 0 times
  0:00:05.071    11M / 690M  INFO   Simplification           (parallel_processing.hpp   : 167)   Running Low coverage edge remover
  0:00:05.071    11M / 690M  INFO   Simplification           (parallel_processing.hpp   : 170)   Low coverage edge remover triggered 0 times
  0:00:05.071    11M / 690M  INFO    General                 (simplification.cpp        : 373)   PROCEDURE == Simplification cycle, iteration 4
  0:00:05.071    11M / 690M  INFO   Simplification           (parallel_processing.hpp   : 167)   Running Tip clipper
  0:00:05.071    11M / 690M  INFO   Simplification           (parallel_processing.hpp   : 170)   Tip clipper triggered 0 times
  0:00:05.071    11M / 690M  INFO   Simplification           (parallel_processing.hpp   : 167)   Running Bulge remover
  0:00:05.071    11M / 690M  INFO   Simplification           (parallel_processing.hpp   : 170)   Bulge remover triggered 0 times
  0:00:05.071    11M / 690M  INFO   Simplification           (parallel_processing.hpp   : 167)   Running Low coverage edge remover
  0:00:05.071    11M / 690M  INFO   Simplification           (parallel_processing.hpp   : 170)   Low coverage edge remover triggered 0 times
  0:00:05.071    11M / 690M  INFO    General                 (simplification.cpp        : 373)   PROCEDURE == Simplification cycle, iteration 5
  0:00:05.071    11M / 690M  INFO   Simplification           (parallel_processing.hpp   : 167)   Running Tip clipper
  0:00:05.071    11M / 690M  INFO   Simplification           (parallel_processing.hpp   : 170)   Tip clipper triggered 0 times
  0:00:05.071    11M / 690M  INFO   Simplification           (parallel_processing.hpp   : 167)   Running Bulge remover
  0:00:05.071    11M / 690M  INFO   Simplification           (parallel_processing.hpp   : 170)   Bulge remover triggered 0 times
  0:00:05.071    11M / 690M  INFO   Simplification           (parallel_processing.hpp   : 167)   Running Low coverage edge remover
  0:00:05.071    11M / 690M  INFO   Simplification           (parallel_processing.hpp   : 170)   Low coverage edge remover triggered 1 times
  0:00:05.071    11M / 690M  INFO    General                 (simplification.cpp        : 373)   PROCEDURE == Simplification cycle, iteration 6
  0:00:05.071    11M / 690M  INFO   Simplification           (parallel_processing.hpp   : 167)   Running Tip clipper
  0:00:05.071    11M / 690M  INFO   Simplification           (parallel_processing.hpp   : 170)   Tip clipper triggered 0 times
  0:00:05.071    11M / 690M  INFO   Simplification           (parallel_processing.hpp   : 167)   Running Bulge remover
  0:00:05.071    11M / 690M  INFO   Simplification           (parallel_processing.hpp   : 170)   Bulge remover triggered 0 times
  0:00:05.071    11M / 690M  INFO   Simplification           (parallel_processing.hpp   : 167)   Running Low coverage edge remover
  0:00:05.071    11M / 690M  INFO   Simplification           (parallel_processing.hpp   : 170)   Low coverage edge remover triggered 0 times
  0:00:05.071    11M / 690M  INFO    General                 (simplification.cpp        : 373)   PROCEDURE == Simplification cycle, iteration 7
  0:00:05.071    11M / 690M  INFO   Simplification           (parallel_processing.hpp   : 167)   Running Tip clipper
  0:00:05.071    11M / 690M  INFO   Simplification           (parallel_processing.hpp   : 170)   Tip clipper triggered 0 times
  0:00:05.071    11M / 690M  INFO   Simplification           (parallel_processing.hpp   : 167)   Running Bulge remover
  0:00:05.071    11M / 690M  INFO   Simplification           (parallel_processing.hpp   : 170)   Bulge remover triggered 0 times
  0:00:05.071    11M / 690M  INFO   Simplification           (parallel_processing.hpp   : 167)   Running Low coverage edge remover
  0:00:05.071    11M / 690M  INFO   Simplification           (parallel_processing.hpp   : 170)   Low coverage edge remover triggered 0 times
  0:00:05.071    11M / 690M  INFO    General                 (simplification.cpp        : 373)   PROCEDURE == Simplification cycle, iteration 8
  0:00:05.071    11M / 690M  INFO   Simplification           (parallel_processing.hpp   : 167)   Running Tip clipper
  0:00:05.071    11M / 690M  INFO   Simplification           (parallel_processing.hpp   : 170)   Tip clipper triggered 0 times
  0:00:05.071    11M / 690M  INFO   Simplification           (parallel_processing.hpp   : 167)   Running Bulge remover
  0:00:05.071    11M / 690M  INFO   Simplification           (parallel_processing.hpp   : 170)   Bulge remover triggered 0 times
  0:00:05.071    11M / 690M  INFO   Simplification           (parallel_processing.hpp   : 167)   Running Low coverage edge remover
  0:00:05.071    11M / 690M  INFO   Simplification           (parallel_processing.hpp   : 170)   Low coverage edge remover triggered 0 times
  0:00:05.071    11M / 690M  INFO    General                 (simplification.cpp        : 373)   PROCEDURE == Simplification cycle, iteration 9
  0:00:05.071    11M / 690M  INFO   Simplification           (parallel_processing.hpp   : 167)   Running Tip clipper
  0:00:05.071    11M / 690M  INFO   Simplification           (parallel_processing.hpp   : 170)   Tip clipper triggered 0 times
  0:00:05.071    11M / 690M  INFO   Simplification           (parallel_processing.hpp   : 167)   Running Bulge remover
  0:00:05.071    11M / 690M  INFO   Simplification           (parallel_processing.hpp   : 170)   Bulge remover triggered 0 times
  0:00:05.071    11M / 690M  INFO   Simplification           (parallel_processing.hpp   : 167)   Running Low coverage edge remover
  0:00:05.071    11M / 690M  INFO   Simplification           (parallel_processing.hpp   : 170)   Low coverage edge remover triggered 0 times
  0:00:05.071    11M / 690M  INFO    General                 (simplification.cpp        : 373)   PROCEDURE == Simplification cycle, iteration 10
  0:00:05.071    11M / 690M  INFO   Simplification           (parallel_processing.hpp   : 167)   Running Tip clipper
  0:00:05.071    11M / 690M  INFO   Simplification           (parallel_processing.hpp   : 170)   Tip clipper triggered 0 times
  0:00:05.071    11M / 690M  INFO   Simplification           (parallel_processing.hpp   : 167)   Running Bulge remover
  0:00:05.071    11M / 690M  INFO   Simplification           (parallel_processing.hpp   : 170)   Bulge remover triggered 0 times
  0:00:05.071    11M / 690M  INFO   Simplification           (parallel_processing.hpp   : 167)   Running Low coverage edge remover
  0:00:05.071    11M / 690M  INFO   Simplification           (parallel_processing.hpp   : 170)   Low coverage edge remover triggered 0 times
  0:00:05.071    11M / 690M  INFO    General                 (simplification.cpp        : 373)   PROCEDURE == Simplification cycle, iteration 11
  0:00:05.071    11M / 690M  INFO   Simplification           (parallel_processing.hpp   : 167)   Running Tip clipper
  0:00:05.072    11M / 690M  INFO   Simplification           (parallel_processing.hpp   : 170)   Tip clipper triggered 1 times
  0:00:05.072    11M / 690M  INFO   Simplification           (parallel_processing.hpp   : 167)   Running Bulge remover
  0:00:05.074    11M / 690M  INFO   Simplification           (parallel_processing.hpp   : 170)   Bulge remover triggered 0 times
  0:00:05.074    11M / 690M  INFO   Simplification           (parallel_processing.hpp   : 167)   Running Low coverage edge remover
  0:00:05.075    11M / 690M  INFO   Simplification           (parallel_processing.hpp   : 170)   Low coverage edge remover triggered 0 times
  0:00:05.075    11M / 690M  INFO    General                 (simplification.cpp        : 373)   PROCEDURE == Simplification cycle, iteration 12
  0:00:05.075    11M / 690M  INFO   Simplification           (parallel_processing.hpp   : 167)   Running Tip clipper
  0:00:05.075    11M / 690M  INFO   Simplification           (parallel_processing.hpp   : 170)   Tip clipper triggered 0 times
  0:00:05.075    11M / 690M  INFO   Simplification           (parallel_processing.hpp   : 167)   Running Bulge remover
  0:00:05.075    11M / 690M  INFO   Simplification           (parallel_processing.hpp   : 170)   Bulge remover triggered 0 times
  0:00:05.075    11M / 690M  INFO   Simplification           (parallel_processing.hpp   : 167)   Running Low coverage edge remover
  0:00:05.075    11M / 690M  INFO   Simplification           (parallel_processing.hpp   : 170)   Low coverage edge remover triggered 0 times
  0:00:05.075    11M / 690M  INFO   StageManager             (stage.cpp                 : 185)   STAGE == Gap Closer (id: late_gapcloser)
  0:00:05.078    20M / 690M  INFO    General                 (edge_index.hpp            : 113)   Size of edge index entries: 12/8
  0:00:05.083    21M / 690M  INFO    General                 (gap_closer.cpp            : 101)   Total edges in tip neighborhood: 28384 out of 28412, length: 6028444
  0:00:05.084    21M / 690M  INFO    General                 (edge_index.hpp            : 167)   Using small index (max_id = 48379)
  0:00:05.116    21M / 690M  INFO   K-mer Index Building     (kmer_index_builder.hpp    : 395)   Building perfect hash indices
  0:00:05.449    24M / 690M  INFO   K-mer Index Building     (kmer_index_builder.hpp    : 431)   Index built. Total 3014222 kmers, 2177784 bytes occupied (5.78002 bits per kmer).
  0:00:05.452    47M / 690M  INFO    General                 (edge_index_builders.hpp   : 265)   Collecting edge information from graph, this takes a while.
  0:00:05.745    48M / 690M  INFO    General                 (sequence_mapper_notifier.h:  95)   Total 49229 reads processed
  0:00:05.759    23M / 690M  INFO    General                 (gap_closer.cpp            : 452)   Initializing gap closer
  0:00:05.760    23M / 690M  INFO   GapCloser                (gap_closer.cpp            : 359)   Closing short gaps
  0:00:05.769    23M / 690M  INFO   GapCloser                (gap_closer.cpp            : 391)   Closing short gaps complete: filled 0 gaps after checking 202 candidates
  0:00:05.770    23M / 690M  INFO    General                 (gap_closer.cpp            : 456)   Gap closer done
  0:00:05.772    11M / 690M  INFO   StageManager             (stage.cpp                 : 185)   STAGE == Simplification Cleanup (id: simplification_cleanup)
  0:00:05.772    11M / 690M  INFO    General                 (simplification.cpp        : 176)   PROCEDURE == Post simplification
  0:00:05.772    11M / 690M  INFO    General                 (graph_simplification.hpp  : 448)   Disconnection of relatively low covered edges disabled
  0:00:05.772    11M / 690M  INFO    General                 (graph_simplification.hpp  : 485)   Complex tip clipping disabled
  0:00:05.772    11M / 690M  INFO    General                 (graph_simplification.hpp  : 634)   Creating parallel br instance
  0:00:05.772    11M / 690M  INFO   Simplification           (parallel_processing.hpp   : 167)   Running Tip clipper
  0:00:05.773    11M / 690M  INFO   Simplification           (parallel_processing.hpp   : 170)   Tip clipper triggered 0 times
  0:00:05.773    11M / 690M  INFO   Simplification           (parallel_processing.hpp   : 167)   Running Bulge remover
  0:00:05.774    11M / 690M  INFO   Simplification           (parallel_processing.hpp   : 170)   Bulge remover triggered 0 times
  0:00:05.774    11M / 690M  INFO   Simplification           (parallel_processing.hpp   : 167)   Running Tip clipper
  0:00:05.776    11M / 690M  INFO   Simplification           (parallel_processing.hpp   : 170)   Tip clipper triggered 0 times
  0:00:05.776    11M / 690M  INFO   Simplification           (parallel_processing.hpp   : 167)   Running Bulge remover
  0:00:05.777    11M / 690M  INFO   Simplification           (parallel_processing.hpp   : 170)   Bulge remover triggered 0 times
  0:00:05.777    11M / 690M  INFO    General                 (simplification.cpp        : 327)   Disrupting self-conjugate edges
  0:00:05.779    11M / 690M  INFO   Simplification           (parallel_processing.hpp   : 167)   Running Removing isolated edges
  0:00:05.789    11M / 690M  INFO   Simplification           (parallel_processing.hpp   : 170)   Removing isolated edges triggered 10219 times
  0:00:05.790    11M / 690M  INFO    General                 (simplification.cpp        : 495)   After simplification:
  0:00:05.790    11M / 690M  INFO    General                 (simplification.cpp        : 496)     Average coverage = 3.70632
  0:00:05.790    11M / 690M  INFO    General                 (simplification.cpp        : 497)     Total length = 1953636
  0:00:05.790    11M / 690M  INFO    General                 (simplification.cpp        : 498)     Median edge length: 548
  0:00:05.790    11M / 690M  INFO    General                 (simplification.cpp        : 499)     Edges: 7974
  0:00:05.790    11M / 690M  INFO    General                 (simplification.cpp        : 500)     Vertices: 15920
  0:00:05.790    11M / 690M  WARN    General                 (simplification.cpp        : 504)   The determined erroneous connection coverage threshold may be determined improperly
  0:00:05.790    11M / 690M  INFO   StageManager             (stage.cpp                 : 185)   STAGE == Mismatch Correction (id: mismatch_correction)
  0:00:05.790    11M / 690M  INFO    General                 (graph_pack.cpp            :  67)   Index refill
  0:00:05.790    11M / 690M  INFO    General                 (edge_index.hpp            : 156)   Using small index (max_id = 48379)
  0:00:05.815    11M / 690M  INFO   K-mer Index Building     (kmer_index_builder.hpp    : 395)   Building perfect hash indices
  0:00:06.023    12M / 690M  INFO   K-mer Index Building     (kmer_index_builder.hpp    : 431)   Index built. Total 1953636 kmers, 1411776 bytes occupied (5.78112 bits per kmer).
  0:00:06.026    27M / 690M  INFO    General                 (edge_index_builders.hpp   : 252)   Collecting edge information from graph, this takes a while.
  0:00:06.119    27M / 690M  INFO    General                 (graph_pack.cpp            :  77)   Normalizing k-mer map. Total 44976 kmers to process
  0:00:06.129    27M / 690M  INFO    General                 (graph_pack.cpp            :  79)   Normalizing done
  0:00:06.129    27M / 690M  INFO    General                 (mismatch_correction.cpp   : 400)   Collect potential mismatches
  0:00:06.150    27M / 690M  INFO    General                 (mismatch_correction.cpp   : 192)   Total 320 edges (out of 7974) with 7110 potential mismatch positions (22.2188 positions per edge)
  0:00:06.150    27M / 690M  INFO    General                 (mismatch_correction.cpp   : 402)   Potential mismatches collected
  0:00:06.574    30M / 690M  INFO    General                 (sequence_mapper_notifier.h:  95)   Total 197320 reads processed
  0:00:06.578    28M / 690M  INFO    General                 (mismatch_correction.cpp   : 395)   All edges processed
  0:00:06.578    27M / 690M  INFO    General                 (mismatch_correction.cpp   : 450)   Corrected 0 nucleotides
  0:00:06.578    27M / 690M  INFO   StageManager             (stage.cpp                 : 185)   STAGE == Contig Output (id: contig_output)
  0:00:06.578    27M / 690M  INFO    General                 (contig_output.hpp         :  16)   Outputting contigs to /gpfs01/home/jc428818/Placement/uce-tutorial/assemblies/gallus/K127/before_rr.fasta
  0:00:06.603    27M / 690M  INFO    General                 (contig_output_stage.cpp   : 151)   Writing GFA graph to /gpfs01/home/jc428818/Placement/uce-tutorial/assemblies/gallus/K127/assembly_graph_after_simplification.gfa
  0:00:06.615    27M / 690M  INFO   StageManager             (stage.cpp                 : 185)   STAGE == Paired Information Counting (id: late_pair_info_count)
  0:00:06.622    29M / 690M  INFO    General                 (graph_pack.cpp            :  77)   Normalizing k-mer map. Total 44976 kmers to process
  0:00:06.622    29M / 690M  INFO    General                 (graph_pack.cpp            :  79)   Normalizing done
  0:00:06.622    29M / 690M  INFO    General                 (pair_info_count.cpp       : 339)   Min edge length for estimation: 548
  0:00:06.622    29M / 690M  INFO    General                 (pair_info_count.cpp       : 350)   Estimating insert size for library #0
  0:00:06.622    29M / 690M  INFO    General                 (pair_info_count.cpp       : 202)   Estimating insert size (takes a while)
  0:00:06.638   109M / 690M  INFO    General                 (pair_info_count.cpp       :  48)   Selecting usual mapper
  0:00:06.940   109M / 690M  INFO    General                 (sequence_mapper_notifier.h:  95)   Total 49229 reads processed
  0:00:06.992   109M / 690M  INFO    General                 (pair_info_count.cpp       : 220)   Edge pairs: 6489
  0:00:06.992   109M / 690M  INFO    General                 (pair_info_count.cpp       : 222)   22333 paired reads (45.3655% of all) aligned to long edges
  0:00:06.992    29M / 690M  INFO    General                 (pair_info_count.cpp       : 369)     Insert size = 323.236, deviation = 133.552, left quantile = 167, right quantile = 508, read length = 251
  0:00:06.992    29M / 690M  INFO    General                 (pair_info_count.cpp       : 390)   Filtering data for library #0
  0:00:06.993    29M / 690M  INFO    General                 (pair_info_count.cpp       :  48)   Selecting usual mapper
  0:00:07.230    29M / 690M  INFO    General                 (sequence_mapper_notifier.h:  95)   Total 49229 reads processed
  0:00:07.230    29M / 690M  INFO    General                 (pair_info_count.cpp       : 402)   Mapping library #0
  0:00:07.230    29M / 690M  INFO    General                 (pair_info_count.cpp       : 404)   Mapping paired reads (takes a while)
  0:00:07.230    29M / 690M  INFO    General                 (pair_info_count.cpp       : 299)   Left insert size quantile 167, right insert size quantile 508, filtering threshold 2, rounding threshold 0
  0:00:07.234    38M / 690M  INFO    General                 (pair_info_count.cpp       :  48)   Selecting usual mapper
  0:00:07.481    38M / 690M  INFO    General                 (sequence_mapper_notifier.h:  95)   Total 49229 reads processed
  0:00:07.489    29M / 690M  INFO   StageManager             (stage.cpp                 : 185)   STAGE == Distance Estimation (id: distance_estimation)
  0:00:07.489    29M / 690M  INFO    General                 (distance_estimation.cpp   : 179)   Processing library #0
  0:00:07.489    29M / 690M  INFO    General                 (distance_estimation.cpp   : 150)   Weight Filter Done
  0:00:07.489    29M / 690M  INFO   DistanceEstimator        (distance_estimation.hpp   : 116)   Using SIMPLE distance estimator
  0:00:07.497    29M / 690M  INFO    General                 (distance_estimation.cpp   :  37)   Filtering info
  0:00:07.498    29M / 690M  INFO    General                 (pair_info_filters.hpp     : 242)   Start filtering; library index size: 8160
  0:00:07.500    29M / 690M  INFO    General                 (pair_info_filters.hpp     : 263)   Done filtering; library index size: 5318
  0:00:07.500    29M / 690M  INFO    General                 (distance_estimation.cpp   : 156)   Refining clustered pair information
  0:00:07.501    29M / 690M  INFO    General                 (distance_estimation.cpp   : 158)   The refining of clustered pair information has been finished
  0:00:07.501    29M / 690M  INFO    General                 (distance_estimation.cpp   : 160)   Improving paired information
  0:00:07.525    29M / 690M  INFO   PairInfoImprover         (pair_info_improver.hpp    : 104)   Paired info stats: missing = 0; contradictional = 0
  0:00:07.549    29M / 690M  INFO   PairInfoImprover         (pair_info_improver.hpp    : 104)   Paired info stats: missing = 0; contradictional = 0
  0:00:07.549    29M / 690M  INFO    General                 (distance_estimation.cpp   : 104)   Filling scaffolding index
  0:00:07.549    29M / 690M  INFO   DistanceEstimator        (distance_estimation.hpp   : 116)   Using SMOOTHING distance estimator
  0:00:07.572    29M / 690M  INFO    General                 (distance_estimation.cpp   :  37)   Filtering info
  0:00:07.572    29M / 690M  INFO    General                 (pair_info_filters.hpp     : 242)   Start filtering; library index size: 7990
  0:00:07.574    29M / 690M  INFO    General                 (pair_info_filters.hpp     : 263)   Done filtering; library index size: 7990
  0:00:07.574    29M / 690M  INFO    General                 (distance_estimation.cpp   : 186)   Clearing raw paired index
  0:00:07.575    28M / 690M  INFO   StageManager             (stage.cpp                 : 185)   STAGE == Repeat Resolving (id: repeat_resolving)
  0:00:07.575    28M / 690M  INFO    General                 (repeat_resolving.cpp      :  87)   Using Path-Extend repeat resolving
  0:00:07.575    28M / 690M  INFO    General                 (launcher.cpp              : 600)   ExSPAnder repeat resolving tool started
  0:00:07.577    28M / 690M  INFO    General                 (coverage_uniformity_analyz:  25)   genomic coverage is 4.17513 calculated of length 980481
  0:00:07.584    45M / 690M  INFO    General                 (launcher.cpp              : 418)   Creating main extenders, unique edge length = 2000
  0:00:07.585    45M / 690M  INFO    General                 (extenders_logic.cpp       : 334)   Estimated coverage of library #0 is 3.70632
  0:00:07.585    45M / 690M  INFO    General                 (extenders_logic.cpp       : 345)   Creating extender; library index size: 5318
  0:00:07.585    45M / 690M  INFO    General                 (extenders_logic.cpp       : 334)   Estimated coverage of library #0 is 3.70632
  0:00:07.585    45M / 690M  INFO    General                 (extenders_logic.cpp       : 345)   Creating extender; library index size: 5318
  0:00:07.585    47M / 690M  INFO    General                 (extenders_logic.cpp       : 543)   Using 1 paired-end library
  0:00:07.585    47M / 690M  INFO    General                 (extenders_logic.cpp       : 544)   Using 1 paired-end scaffolding library
  0:00:07.585    47M / 690M  INFO    General                 (extenders_logic.cpp       : 545)   Using 0 single read libraries
  0:00:07.585    47M / 690M  INFO    General                 (launcher.cpp              : 447)   Total number of extenders is 3
  0:00:07.585    47M / 690M  INFO    General                 (path_extenders.cpp        :  36)   Processed 0 paths from 3973 (0%)
  0:00:07.587    47M / 690M  INFO    General                 (path_extenders.cpp        :  34)   Processed 128 paths from 3973 (3%)
  0:00:07.589    48M / 690M  INFO    General                 (path_extenders.cpp        :  34)   Processed 256 paths from 3973 (6%)
  0:00:07.590    48M / 690M  INFO    General                 (path_extenders.cpp        :  36)   Processed 398 paths from 3973 (10%)
  0:00:07.591    49M / 690M  INFO    General                 (path_extenders.cpp        :  34)   Processed 512 paths from 3973 (12%)
  0:00:07.594    50M / 690M  INFO    General                 (path_extenders.cpp        :  36)   Processed 796 paths from 3973 (20%)
  0:00:07.596    51M / 690M  INFO    General                 (path_extenders.cpp        :  34)   Processed 1024 paths from 3973 (25%)
  0:00:07.597    51M / 690M  INFO    General                 (path_extenders.cpp        :  36)   Processed 1194 paths from 3973 (30%)
  0:00:07.601    53M / 690M  INFO    General                 (path_extenders.cpp        :  36)   Processed 1592 paths from 3973 (40%)
  0:00:07.602    55M / 690M  INFO    General                 (path_extenders.cpp        :  36)   Processed 1990 paths from 3973 (50%)
  0:00:07.603    55M / 690M  INFO    General                 (path_extenders.cpp        :  34)   Processed 2048 paths from 3973 (51%)
  0:00:07.604    56M / 690M  INFO    General                 (path_extenders.cpp        :  36)   Processed 2388 paths from 3973 (60%)
  0:00:07.605    58M / 690M  INFO    General                 (path_extenders.cpp        :  36)   Processed 2786 paths from 3973 (70%)
  0:00:07.607    59M / 690M  INFO    General                 (path_extenders.cpp        :  36)   Processed 3184 paths from 3973 (80%)
  0:00:07.608    61M / 690M  INFO    General                 (path_extenders.cpp        :  36)   Processed 3582 paths from 3973 (90%)
  0:00:07.609    62M / 690M  INFO    General                 (launcher.cpp              : 250)   Finalizing paths
  0:00:07.609    62M / 690M  INFO    General                 (launcher.cpp              : 252)   Deduplicating paths
  0:00:07.610    62M / 690M  INFO    General                 (launcher.cpp              : 256)   Paths deduplicated
  0:00:07.610    62M / 690M  INFO   PEResolver               (pe_resolver.cpp           :  60)   Removing overlaps
  0:00:07.610    62M / 690M  INFO   PEResolver               (pe_resolver.cpp           :  63)   Sorting paths
  0:00:07.611    62M / 690M  INFO   PEResolver               (pe_resolver.cpp           :  70)   Marking overlaps
  0:00:07.611    62M / 690M  INFO   OverlapRemover           (overlap_remover.hpp       : 116)   Marking start/end overlaps
  0:00:07.614    62M / 690M  INFO   OverlapRemover           (overlap_remover.hpp       : 119)   Marking remaining overlaps
  0:00:07.616    62M / 690M  INFO   PEResolver               (pe_resolver.cpp           :  73)   Splitting paths
  0:00:07.616    62M / 690M  INFO   PEResolver               (pe_resolver.cpp           :  78)   Deduplicating paths
  0:00:07.617    62M / 690M  INFO   PEResolver               (pe_resolver.cpp           :  80)   Overlaps removed
  0:00:07.618    62M / 690M  INFO    General                 (launcher.cpp              : 273)   Paths finalized
  0:00:07.618    62M / 690M  INFO    General                 (launcher.cpp              : 454)   Closing gaps in paths
  0:00:07.624    78M / 690M  INFO    General                 (launcher.cpp              : 484)   Gap closing completed
  0:00:07.625    79M / 690M  INFO    General                 (launcher.cpp              : 302)   Traversing tandem repeats
  0:00:07.634    79M / 690M  INFO    General                 (launcher.cpp              : 312)   Traversed 0 loops
  0:00:07.634    79M / 690M  INFO    General                 (launcher.cpp              : 250)   Finalizing paths
  0:00:07.634    79M / 690M  INFO    General                 (launcher.cpp              : 252)   Deduplicating paths
  0:00:07.635    79M / 690M  INFO    General                 (launcher.cpp              : 256)   Paths deduplicated
  0:00:07.635    79M / 690M  INFO   PEResolver               (pe_resolver.cpp           :  60)   Removing overlaps
  0:00:07.635    79M / 690M  INFO   PEResolver               (pe_resolver.cpp           :  63)   Sorting paths
  0:00:07.636    79M / 690M  INFO   PEResolver               (pe_resolver.cpp           :  70)   Marking overlaps
  0:00:07.636    79M / 690M  INFO   OverlapRemover           (overlap_remover.hpp       : 116)   Marking start/end overlaps
  0:00:07.639    79M / 690M  INFO   OverlapRemover           (overlap_remover.hpp       : 119)   Marking remaining overlaps
  0:00:07.641    79M / 690M  INFO   PEResolver               (pe_resolver.cpp           :  73)   Splitting paths
  0:00:07.641    79M / 690M  INFO   PEResolver               (pe_resolver.cpp           :  78)   Deduplicating paths
  0:00:07.642    79M / 690M  INFO   PEResolver               (pe_resolver.cpp           :  80)   Overlaps removed
  0:00:07.643    79M / 690M  INFO    General                 (launcher.cpp              : 273)   Paths finalized
  0:00:07.643    79M / 690M  INFO    General                 (launcher.cpp              : 664)   ExSPAnder repeat resolving tool finished
  0:00:07.650    44M / 690M  INFO   StageManager             (stage.cpp                 : 185)   STAGE == Contig Output (id: contig_output)
  0:00:07.650    44M / 690M  INFO    General                 (contig_output.hpp         :  16)   Outputting contigs to /gpfs01/home/jc428818/Placement/uce-tutorial/assemblies/gallus/K127/before_rr.fasta
  0:00:07.673    44M / 690M  INFO    General                 (contig_output_stage.cpp   : 151)   Writing GFA graph to /gpfs01/home/jc428818/Placement/uce-tutorial/assemblies/gallus/K127/assembly_graph_with_scaffolds.gfa
  0:00:07.684    44M / 690M  INFO    General                 (contig_output_stage.cpp   : 165)   Outputting FastG graph to /gpfs01/home/jc428818/Placement/uce-tutorial/assemblies/gallus/K127/assembly_graph.fastg
  0:00:07.731    44M / 690M  INFO    General                 (contig_output_stage.cpp   : 196)   Breaking scaffolds
  0:00:07.749    64M / 690M  INFO    General                 (contig_output_stage.cpp   :  98)   Outputting contigs to /gpfs01/home/jc428818/Placement/uce-tutorial/assemblies/gallus/K127/final_contigs.fasta
  0:00:07.759    64M / 690M  INFO    General                 (contig_output_stage.cpp   : 104)   Outputting FastG paths to /gpfs01/home/jc428818/Placement/uce-tutorial/assemblies/gallus/K127/final_contigs.paths
  0:00:07.778    47M / 690M  INFO    General                 (contig_output_stage.cpp   :  98)   Outputting contigs to /gpfs01/home/jc428818/Placement/uce-tutorial/assemblies/gallus/K127/scaffolds.fasta
  0:00:07.788    47M / 690M  INFO    General                 (contig_output_stage.cpp   : 104)   Outputting FastG paths to /gpfs01/home/jc428818/Placement/uce-tutorial/assemblies/gallus/K127/scaffolds.paths
  0:00:07.792    47M / 690M  INFO    General                 (contig_output_stage.cpp   : 111)   Populating GFA with scaffold paths
  0:00:07.795    44M / 690M  INFO    General                 (pipeline.cpp              : 287)   SPAdes finished
  0:00:07.805     1M / 690M  INFO    General                 (main.cpp                  : 136)   Assembling time: 0 hours 0 minutes 7 seconds

===== K127 finished. 


===== Copy files started. 


== Running: /usr/bin/python3 /usr/share/spades/spades_pipeline/scripts/copy_files.py /gpfs01/home/jc428818/Placement/uce-tutorial/assemblies/gallus/K127/before_rr.fasta /gpfs01/home/jc428818/Placement/uce-tutorial/assemblies/gallus/before_rr.fasta /gpfs01/home/jc428818/Placement/uce-tutorial/assemblies/gallus/K127/assembly_graph_after_simplification.gfa /gpfs01/home/jc428818/Placement/uce-tutorial/assemblies/gallus/assembly_graph_after_simplification.gfa /gpfs01/home/jc428818/Placement/uce-tutorial/assemblies/gallus/K127/final_contigs.fasta /gpfs01/home/jc428818/Placement/uce-tutorial/assemblies/gallus/contigs.fasta /gpfs01/home/jc428818/Placement/uce-tutorial/assemblies/gallus/K127/first_pe_contigs.fasta /gpfs01/home/jc428818/Placement/uce-tutorial/assemblies/gallus/first_pe_contigs.fasta /gpfs01/home/jc428818/Placement/uce-tutorial/assemblies/gallus/K127/strain_graph.gfa /gpfs01/home/jc428818/Placement/uce-tutorial/assemblies/gallus/strain_graph.gfa /gpfs01/home/jc428818/Placement/uce-tutorial/assemblies/gallus/K127/scaffolds.fasta /gpfs01/home/jc428818/Placement/uce-tutorial/assemblies/gallus/scaffolds.fasta /gpfs01/home/jc428818/Placement/uce-tutorial/assemblies/gallus/K127/scaffolds.paths /gpfs01/home/jc428818/Placement/uce-tutorial/assemblies/gallus/scaffolds.paths /gpfs01/home/jc428818/Placement/uce-tutorial/assemblies/gallus/K127/assembly_graph_with_scaffolds.gfa /gpfs01/home/jc428818/Placement/uce-tutorial/assemblies/gallus/assembly_graph_with_scaffolds.gfa /gpfs01/home/jc428818/Placement/uce-tutorial/assemblies/gallus/K127/assembly_graph.fastg /gpfs01/home/jc428818/Placement/uce-tutorial/assemblies/gallus/assembly_graph.fastg /gpfs01/home/jc428818/Placement/uce-tutorial/assemblies/gallus/K127/final_contigs.paths /gpfs01/home/jc428818/Placement/uce-tutorial/assemblies/gallus/contigs.paths


===== Copy files finished. 


===== Assembling finished. 


===== Breaking scaffolds started. 


== Running: /usr/bin/python3 /usr/share/spades/spades_pipeline/scripts/breaking_scaffolds_script.py --result_scaffolds_filename /gpfs01/home/jc428818/Placement/uce-tutorial/assemblies/gallus/scaffolds.fasta --misc_dir /gpfs01/home/jc428818/Placement/uce-tutorial/assemblies/gallus/misc --threshold_for_breaking_scaffolds 3


===== Breaking scaffolds finished. 


===== Terminate started. 


===== Terminate finished. 

 * Corrected reads are in /gpfs01/home/jc428818/Placement/uce-tutorial/assemblies/gallus/corrected/
 * Assembled contigs are in /gpfs01/home/jc428818/Placement/uce-tutorial/assemblies/gallus/contigs.fasta
 * Assembled scaffolds are in /gpfs01/home/jc428818/Placement/uce-tutorial/assemblies/gallus/scaffolds.fasta
 * Paths in the assembly graph corresponding to the contigs are in /gpfs01/home/jc428818/Placement/uce-tutorial/assemblies/gallus/contigs.paths
 * Paths in the assembly graph corresponding to the scaffolds are in /gpfs01/home/jc428818/Placement/uce-tutorial/assemblies/gallus/scaffolds.paths
 * Assembly graph is in /gpfs01/home/jc428818/Placement/uce-tutorial/assemblies/gallus/assembly_graph.fastg
 * Assembly graph in GFA format is in /gpfs01/home/jc428818/Placement/uce-tutorial/assemblies/gallus/assembly_graph_with_scaffolds.gfa

======= SPAdes pipeline finished WITH WARNINGS!

=== Error correction and assembling warnings:
 * 0:00:05.249     8M / 453M  WARN    General                 (kmer_coverage_model.cpp   : 218)   Too many erroneous kmers, the estimates might be unreliable
 * 0:00:06.502     8M / 453M  WARN    General                 (kmer_coverage_model.cpp   : 327)   Valley value was estimated improperly, reset to 10
 * 0:00:06.503     8M / 453M  WARN    General                 (kmer_coverage_model.cpp   : 366)   Failed to determine erroneous kmer threshold. Threshold set to: 10
 * 0:00:06.712     7M / 453M  WARN    General                 (simplification.cpp        : 504)   The determined erroneous connection coverage threshold may be determined improperly
 * 0:00:05.880     9M / 437M  WARN    General                 (kmer_coverage_model.cpp   : 327)   Valley value was estimated improperly, reset to 3
 * 0:00:05.881     9M / 437M  WARN    General                 (kmer_coverage_model.cpp   : 366)   Failed to determine erroneous kmer threshold. Threshold set to: 3
 * 0:00:05.067     8M / 711M  WARN    General                 (kmer_coverage_model.cpp   : 327)   Valley value was estimated improperly, reset to 7
 * 0:00:05.067     8M / 711M  WARN    General                 (kmer_coverage_model.cpp   : 366)   Failed to determine erroneous kmer threshold. Threshold set to: 7
 * 0:00:04.226     8M / 690M  WARN    General                 (kmer_coverage_model.cpp   : 327)   Valley value was estimated improperly, reset to 6
 * 0:00:04.226     8M / 690M  WARN    General                 (kmer_coverage_model.cpp   : 366)   Failed to determine erroneous kmer threshold. Threshold set to: 6
======= Warnings saved to /gpfs01/home/jc428818/Placement/uce-tutorial/assemblies/gallus/warnings.log

SPAdes log can be found here: /gpfs01/home/jc428818/Placement/uce-tutorial/assemblies/gallus/spades.log

Thank you for using SPAdes!
